slice,n_alerts,n_1d,hit_1d,mean_bps_1d,t_ev_1d,t_day_1d,n_3d,hit_3d,mean_bps_3d,t_ev_3d,t_day_3d,n_5d,hit_5d,mean_bps_5d,t_ev_5d,t_day_5d,H1_mean_3d,H1_n_3d,H2_mean_3d,H2_n_3d,up_mean_3d,up_n_3d,down_mean_3d,down_n_3d,H1_mean_5d,H1_n_5d,H2_mean_5d,H2_n_5d,up_mean_5d,up_n_5d,down_mean_5d,down_n_5d
ALL stock directional,469289,65709,0.49790744038107415,-1.0346253888997916,-0.5874889643020367,-1.5647958661367691,63551,0.49829270979213547,-1.3874242959235472,-0.4536853324365169,-1.890029320578217,61298,0.4979281542627818,-2.5150838574520717,-0.6347925750519737,-2.0003077006936416,-2.717344928275695,33403,0.15840520580557832,30613,1.0940023976988067,34961,-4.421812495844189,28590,-0.9961892521279453,33403,-3.8348544782339795,28360,-0.3795882347381301,34879,-5.334416603757362,26419
bull (stock),239333,32947,0.48159164719094305,-2.6739700321018156,-1.0608904268424721,-0.272437702733102,31914,0.4770946919847089,-9.179921390892938,-2.1201791953795603,-0.6808574826553269,30801,0.47849095808577646,-6.589717452757967,-1.180240799409355,-1.3138826453783374,-8.089122135767111,16638,-10.408403379822879,15509,12.052986346101399,17744,-35.76825695089488,14170,-4.811677258745559,16638,-6.513484010501833,14396,24.230768528881672,17716,-48.31808807948536,13085
bear (stock),229956,32762,0.51431536536231,0.613976282535926,0.24959239694674515,-0.9517388064500777,31637,0.5196763283497171,6.473300560695384,1.4986825925441398,-0.5629904018617419,30497,0.517559104174181,1.6001664743516153,0.2845650728009138,-0.9255619818750334,2.613739424736068,16765,11.00855313711594,15104,-10.20042817559827,17217,26.381177651733363,14420,2.790395266458625,16765,-1.0733570028309372,13964,-25.782902365384782,17163,36.846574941157954,13334
bull prem <250k,209579,32005,0.48186220902983906,-2.5038692089533217,-0.9717196650521851,-1.2019523802069625,31022,0.4779188962671652,-9.051413019043522,-2.048357139514128,-1.1485050342961882,29944,0.4784263959390863,-6.294072949393152,-1.1039731090971565,-1.4836571209387128,-7.11924785707872,16204,-11.209839058359336,15038,12.887524807899599,17273,-36.61351012318116,13749,-3.734106036840755,16204,-7.1660839085324755,13960,26.186104358620597,17239,-50.36536587445014,12705
bear prem <250k,199732,31913,0.5142731802086924,0.6583634197578652,0.2620319169600669,-0.6860299445228785,30812,0.519440477735947,6.541843206707516,1.4860927360046552,-0.3654429127126268,29716,0.517869161394535,1.6351706281916576,0.2853227634553428,-0.5753017254416151,2.4079572671708425,16349,11.536726765044593,14684,-10.621580114931769,16759,27.010199532570514,14053,1.9791477900682832,16349,0.0886152268666669,13588,-27.094156586251984,16712,38.556465338110314,13004
bull prem 250k-1M,25508,7390,0.5009472259810555,18.182370391496693,3.3677569223108406,1.1594017551265203,7136,0.5022421524663677,32.91258779210126,3.4886434553356307,1.1855148214402014,6861,0.5143565077976971,59.12858509900981,4.884889254772836,2.1827259486119424,28.691416819428586,3496,36.29921651172249,3672,64.61003266604165,4053,-8.757780055475891,3083,46.41837332693248,3496,73.33345772769789,3397,103.36208451514962,4034,-3.9906001308126022,2827
bear prem 250k-1M,25990,7362,0.49524585710404784,-14.26062608667037,-2.7083046716773875,-1.2322669831555204,7124,0.5028074115665356,-19.971778197118308,-2.1670666222727286,-1.1787097118366292,6821,0.49420906025509453,-33.80408954205879,-2.8289023442118717,-1.6835980234141101,-24.32342306200258,3512,-15.493814327274903,3653,-42.01258786046072,4043,8.950972036212868,3081,-32.825732997947675,3512,-35.93251803522506,3350,-56.0393170229792,3981,-2.6356245415150665,2840
bull prem >1M,4246,1725,0.52,29.2706094329938,2.528913447668619,1.5045924629823064,1661,0.5159542444310656,58.479051685167676,2.849232719434146,2.030270422924335,1593,0.5417451349654739,121.22889783922466,4.752413200325427,3.0397272801768063,53.36414882806124,743,63.011409556263104,921,98.54796059508654,962,3.334144143905948,699,103.97060955399215,743,135.96330512828942,853,167.73622953350826,957,51.24852609169406,636
bear prem >1M,4234,1775,0.49971830985915494,-17.14251007409305,-1.4124398443113693,-0.7161111810288477,1709,0.4885898186073727,-40.17492909928495,-1.9060466665698432,-1.3750202064060595,1643,0.4619598295800365,-80.41530882878936,-3.0612237965627105,-2.1036727895926455,-39.03305519704815,754,-41.50042554496191,961,-98.67817326201177,1021,46.644565508482586,688,-68.75909206413151,754,-92.98483120512476,895,-156.87293251820333,1009,41.26567272108238,634
bull sweep,47071,12801,0.4857433013045856,-0.5817863923935436,-0.13221286669022037,-0.08340630374557172,12386,0.4845793637978363,2.865017834861202,0.38089285660038225,0.27021062613882696,11921,0.487626876939854,5.951819521392642,0.6222933749502816,0.48987762955900777,8.066896651033908,6078,-2.373267826162859,6368,38.95620224839283,6900,-42.5285608113962,5486,9.40082862574202,6078,2.8854771741154335,5903,60.45685035255878,6888,-68.64199179692098,5033
bear sweep,45073,13020,0.5077572964669739,-4.29846255163243,-1.0120528387549208,-0.4197289787013125,12583,0.5107684971787332,-6.427888093215089,-0.8893499347564533,-0.35603262176371936,12078,0.5038085775790694,-14.11744435617283,-1.500955131529216,-0.9592285792933611,-12.720702749597281,6411,0.8932889707011685,6228,-32.532731593872064,6915,25.42020520372262,5668,-18.9657404825125,6411,-9.84186706268802,5723,-58.50914958613492,6869,44.42097438535328,5209
bull no-sweep,192262,31118,0.4820682563146732,-1.9436746478732747,-0.7453668481755228,-0.45371091572223904,30158,0.47758472047217987,-9.637144893489292,-2.1569587576668745,-0.9314393354607579,29129,0.4788011946857084,-6.062370072105785,-1.052896077670385,-1.2571206547260247,-7.369545150401918,15647,-12.179379289007258,14719,10.288879166162397,16844,-34.846244282160846,13314,-4.595697745792563,15647,-5.884418463469164,13690,24.060233837988054,16824,-47.2474727282146,12305
bear no-sweep,184883,30721,0.513720256502067,0.4289941032818448,0.16768071323030684,-0.8891188246309657,29654,0.5189181897888986,5.5843190950705655,1.2441593311169765,-0.557815496623953,28590,0.5170339279468346,0.1720395636917183,0.02940231099400831,-0.8421936699379987,1.6213858781042407,15623,10.300241348124635,14237,-11.311892767006078,16171,25.8489962456781,13483,0.727247005302946,15623,-1.7335239876392492,13173,-28.42953868334922,16125,37.17167448014058,12465
bull floor,2128,1396,0.4978510028653295,11.735605849252286,0.891556048046324,0.45905971136906537,1347,0.5077951002227171,15.738649473077208,0.627647469097659,0.14991227227937548,1315,0.5171102661596958,24.90134179025545,0.8532193109517895,0.3056144242312265,-35.923330887685964,802,91.17631233093317,546,14.825120265811712,691,16.700918805730335,656,-37.02261883105027,802,122.07012200726363,514,13.501338876397465,695,37.68037731466078,620
bear floor,1891,1251,0.49480415667466027,5.502214662113189,0.36909567450328673,0.37979387632903905,1208,0.5165562913907285,-6.93841239883823,-0.27243375291162497,-0.08912257985014686,1186,0.5025295109612141,0.45467405455164656,0.014415359875983977,-0.26058892886702467,-10.68834191274425,783,-1.2658941141453555,427,-19.414026781632344,594,5.130830179956073,614,3.36241783954016,783,-5.345158266840211,405,-5.1864152242476536,598,6.19170022584753,588
bull all_opening,720,484,0.48140495867768596,37.119715100407035,1.7465733170444386,1.613390408082463,465,0.46881720430107526,6.657762360174429,0.20038077189913409,-0.24681396452906276,454,0.526431718061674,45.011883751661166,1.0812450350739404,0.43984217908968926,-45.483922531164254,265,75.74549484119818,200,32.43736455831344,234,-19.456639866511843,231,-20.590787120145166,265,136.9944646036648,189,61.8859745844576,235,26.904982629710666,219
bear all_opening,568,383,0.46475195822454307,-33.471922560713,-1.2014787491050665,-1.6936668830093475,370,0.5297297297297298,-27.08228848545161,-0.6340987586029909,-0.9420584095846016,365,0.4958904109589041,-12.456542886149425,-0.2263963182586992,-0.39172377519589197,-28.362426516762575,258,-24.133399091895992,112,-41.94168333038953,173,-14.033175245988353,197,-1.0166464013135579,258,-40.040592354258315,107,8.18808221509395,174,-31.263688266339724,191
bull dte 0-3,36650,7236,0.5016583747927031,10.024734976605579,1.619426797911352,0.30168001743166556,7107,0.49584916279724217,4.67844359757107,0.4458411584444863,0.21542161755668765,6987,0.5026477744382425,43.268346607175445,3.34250455795924,1.368913192145673,20.249596397892777,3764,-12.960200788081721,3352,37.97232131509767,3964,-37.31230768218566,3143,40.30658007523536,3764,46.53322186562004,3232,87.24308233592922,4089,-18.77882192107644,2898
bear dte 0-3,36371,7566,0.49616706317737247,-13.063610901754835,-2.2356795592303724,-0.4691586069248769,7428,0.5001346257404415,-13.175079743793614,-1.305951051234376,-0.9113735691893826,7290,0.49876543209876545,-50.090825996825544,-4.014809398139413,-1.7616025896106242,-29.373629890258414,3919,4.766045608952293,3518,-49.8075705724746,4324,37.85549059873748,3104,-46.0697953565583,3919,-54.836261466995104,3380,-97.66747349323066,4446,24.285325469073562,2844
bull dte 4-14,48986,11467,0.48861951687450944,0.14246317495175953,0.02965035822586384,-0.6837736944592409,11001,0.48822834287792016,-4.538898315368097,-0.5516106262240998,-1.2479012888430991,10540,0.4889943074003795,5.7147125284887235,0.5402600801838275,-0.8562093479254571,15.863121625005986,5820,-26.6352736605037,5270,30.169734546409508,6354,-51.99718391978707,4647,26.97801916703205,5820,-14.856563426297999,4809,55.971016340220174,6277,-68.28454128953577,4263
bear dte 4-14,48691,11944,0.5099631614199598,1.8105768009577639,0.39451227514096904,-0.8410829138014898,11383,0.5104981112184837,-0.971311400362247,-0.12286446298369062,-0.14438990716728592,10892,0.5098237238340066,-9.388399486137706,-0.9113195382190257,-0.6007638231611918,-10.695751354679834,6085,10.703228411484512,5403,-25.145936560281918,6398,30.055619747715188,4985,-22.79323503115462,6085,3.889293994614907,4912,-48.24267490953086,6318,44.28044881403671,4574
bull dte 15-45,63763,18444,0.4843851659076122,1.6497791744002925,0.4579886350241016,0.5723950549393552,17979,0.48261861060125705,-3.978136961332169,-0.6480753565581963,-0.009564529993930081,17335,0.48635708104989905,6.773168148760405,0.8626118084857133,0.5481848119402216,2.6653504900955585,9369,-12.12396916761226,8675,30.80283305956766,9885,-46.45526676817611,8094,7.100076201389825,9369,6.250687184704863,8031,57.61171142945578,9850,-60.12858887393155,7485
bear dte 15-45,61749,18801,0.5124727408116589,-1.0865948648593076,-0.3208096909274701,0.17594265409263507,18189,0.5174556050360107,6.245573974790898,1.0702840934568538,-0.01990698826097844,17467,0.5121085475468026,1.7564352129204719,0.23470820534109554,-0.6937411175122845,-6.6504502509209305,9620,20.825392253074085,8650,-21.66445834592043,9590,37.3721247313465,8599,-3.377808435614794,9620,7.139043259199405,7928,-42.03793799270904,9530,54.34058245364735,7937
bull dte 45+,89909,22475,0.4843159065628476,3.065149865007936,1.024791387898643,0.31413217068615296,21770,0.4821313734497014,4.170735264953239,0.8083597363681057,0.813852995480645,21007,0.4863616889608226,11.765696703423842,1.7681037850537826,0.5505089464970283,-4.681269221078242,10650,11.95963325767461,11251,30.6914506005987,12414,-31.01825150040618,9356,5.571526197249195,10650,19.076597073480137,10488,52.34735651588429,12405,-46.757378159814,8602
bear dte 45+,83103,21622,0.5135047636666359,-3.442161070810747,-1.1569764590198317,-0.15317324179249645,20892,0.5146946199502201,-5.71976324253732,-1.0941653692122328,0.1062425774419913,20140,0.5132075471698113,-14.348654959269442,-2.107729720162666,-0.4636825444773877,-3.941588285768836,10415,-6.984261186103454,10594,-27.48052936340039,11652,21.72141065792767,9240,-11.786104158915249,10415,-17.825406410855194,9842,-51.57333081737047,11614,36.358286797238335,8526
bull mny ITM,64239,16549,0.48546739984289083,0.36343733380010945,0.09934466590046516,0.695705792328506,15987,0.48282979921185964,-3.7430298173494574,-0.6007174069743813,-0.07909822853336383,15426,0.48444185141968105,-2.4461335507323385,-0.3037481050752437,0.03483850783950319,2.2623997440224364,8053,-9.777641996112052,8009,19.96620049022392,8923,-33.691707908300366,7064,4.557563678767743,8053,-8.536083183216178,7448,37.00470160925392,8935,-56.75104992024048,6491
bear mny ITM,63757,17692,0.5142437259778431,-0.4411383129368764,-0.12759950577943213,-1.5421436679710079,17191,0.5181199464836251,6.790576467569069,1.1290018485337856,-0.704653865132173,16586,0.518569878210539,4.247538761724827,0.5477261642519557,-0.5542576875371529,-0.0619901115093222,9089,15.254946638762657,8177,-14.725000878645245,9549,33.67519411726816,7642,-4.602721694261035,9089,14.555494953686878,7572,-32.37552018240126,9513,53.50459513603157,7073
bull mny ATM(0-2.5%),40055,11942,0.4904538603249037,3.29286836700945,0.7959892466659401,-0.01559013589185486,11589,0.4845974631115713,-2.5394210083408004,-0.35856948943230066,-0.6617099889859961,11157,0.4878551581966478,2.8175095982166454,0.3121303781358748,0.08207402748063916,4.844470305785269,5880,-9.915404008825007,5766,26.770449208314997,6406,-38.76535745593815,5183,7.416538177310482,5880,-0.18855441430222245,5334,43.44926510990953,6370,-51.25065054581587,4787
bear mny ATM(0-2.5%),39446,11917,0.5106150876898549,-4.4473716595598205,-1.076686169917129,-0.6675696185940132,11519,0.5187950342911711,-0.43069265326006617,-0.06110434257688983,-0.5833741503418038,11106,0.5171078696200252,-2.4424548406766577,-0.2642303074355011,-1.2097418655982874,-2.546842252522029,5933,2.022878933786396,5636,-21.79542607105001,6378,26.07470896873258,5141,-6.617821005204617,5933,1.6674544514790453,5223,-37.93443593476008,6368,45.259726587589135,4738
bull mny OTM(2.5-10%),60623,17532,0.48659593885466573,2.258580324058767,0.632136990915024,-0.3332425296984957,17034,0.48256428319830924,2.1023715997692105,0.3496743744549876,-0.20619927554648168,16458,0.4848098189330417,6.528169829348057,0.8499209633770587,0.04558288978379256,8.63798831765835,8707,-4.486314466920062,8417,26.25780144991294,9530,-28.574766789339225,7504,16.053428224197614,8707,-2.3632164578621264,7841,39.84849698800801,9514,-39.12413325064774,6944
bear mny OTM(2.5-10%),56585,16793,0.511165366521765,-2.075870426266335,-0.5812527668182076,0.5687860092431376,16219,0.5114988593624761,-1.0400413914335218,-0.16976722585049028,0.4637006381103225,15614,0.508646086845139,-7.802243611111901,-0.9802595894467739,0.06528764265090503,-12.621927668910763,8353,11.744047245215803,7957,-17.842245773499098,8845,19.113945285996664,7374,-12.014886551425112,8353,-4.611376604686833,7352,-36.83330529835353,8810,29.787946492444647,6804
bull mny DeepOTM(>10%),74413,18217,0.48871932810012625,4.517745511229636,1.1627552730295727,-0.5017071907925528,17701,0.48957686006440315,4.377640909485519,0.6628341276330632,-0.41747855176285187,17072,0.49379100281162136,20.39117894931793,2.423741368069628,-0.445300900034475,3.2425598161414797,8847,4.378006389798815,8956,44.639410394714574,10258,-51.11144029157313,7443,18.649020804715754,8847,23.28199419306861,8327,81.40546819405071,10223,-70.68037586874357,6849
bear mny DeepOTM(>10%),70168,17306,0.5100543164220501,-3.437010621567606,-0.895107543405876,-0.004003294877016165,16595,0.5072612232600181,-10.591974753203672,-1.5806537425243168,-0.48701647926998265,15906,0.5010687790770778,-23.862315148963223,-2.7564523166089376,-1.0756341561196339,-18.101456236887145,8326,-1.7358469014604865,8373,-52.82481855875847,9029,39.807225183401435,7566,-22.518272455290003,8326,-26.439957638292142,7684,-87.33460936657079,8970,58.22339406844449,6936
bull voloi <1,159665,27768,0.4825338519158744,-2.8869963095104043,-1.032268057737351,0.6168281192340178,26884,0.4762684124386252,-10.612520283283196,-2.2071759020361803,0.25054188889313467,25934,0.47840672476285956,-4.637224890770919,-0.748650808901619,0.30425804972662707,-8.136372433347393,13902,-13.284375986443134,13154,15.707523229972724,15020,-43.93408582349762,11864,-3.624415254672572,13902,-3.6881722721898744,12204,35.5911403855469,14998,-59.807764614089734,10936
bear voloi <1,154889,27836,0.5138310102026153,-0.6705477167136512,-0.24661058096602517,-0.7710181817045272,26856,0.5176124515936849,5.3900552765683,1.1258380002473698,-0.6009644458337327,25865,0.5164508022424126,-0.6499751662404011,-0.10447471672321201,-0.3074186709742199,0.24154172664062373,14150,12.074000727356946,12889,-14.239304916296769,14735,29.252659223591372,12121,0.031777405526817556,14150,-1.9620029904780256,11898,-33.50829372106437,14685,42.50963198739018,11180
bull voloi 1-3,37377,12184,0.48777084701247536,8.052297488242155,1.7441396350313807,-0.0796222827234035,11862,0.4935929860057326,13.372852516653348,1.72069272538476,0.06620074913482567,11432,0.49711336599020295,25.94431105767545,2.613023499080614,-0.08686623715679101,20.903117543266927,5946,4.406984175770207,5961,44.617322659717395,6646,-26.43749038419091,5216,32.4306095274639,5946,18.95182233296785,5531,71.03463278088402,6634,-36.40024799021237,4798
bear voloi 1-3,34969,11891,0.5034900344798587,-6.989066849635609,-1.5338504803837802,-0.343080696600333,11489,0.5121420489163547,-2.504005510445604,-0.32622886505695503,-0.6718237837760586,11046,0.5077856237552055,-10.107051794645106,-1.0375993314486416,-1.1750825592861756,-8.00841700892537,5826,3.5482417248082356,5716,-30.091971170875166,6319,31.215212092698387,5170,-11.53043495770149,5826,-9.668090488339184,5273,-57.23189351195901,6274,51.850462231848475,4772
bull voloi >3,42291,13003,0.4934245943243867,8.948975572142114,2.048332614534741,-0.8421971913580105,12661,0.4954584945896849,14.304098158008719,1.941349096826339,-0.9048144859414128,12279,0.4980047235116866,24.339401227068382,2.6093288771585574,-0.6930085653090078,17.20130918962446,6372,12.20316653976558,6337,49.07400753226165,7155,-30.879102272935647,5506,25.06457671475302,6372,24.970992131813613,5955,65.50901425156249,7150,-33.05243599756269,5129
bear voloi >3,40098,12774,0.5070455612963832,-5.145786172173852,-1.1950330821895998,-1.126948446636935,12340,0.5081847649918962,-7.512370230395393,-1.0407659159082505,-0.36265811400779074,11923,0.5029774385641198,-15.087183750297958,-1.6461192813549634,-0.9766613814433162,-9.116869600079937,6322,-5.955020466569365,6062,-30.92111568917731,6681,20.123930955348,5659,-13.624531184792481,6322,-17.987348122068735,5645,-49.968643655028366,6658,29.023122051353504,5265
bull rule RepeatedHits,176421,29347,0.483218046137595,-1.1702217243145108,-0.43240967414974846,0.334001213008188,28419,0.47939758612196065,-6.211801144830104,-1.3362875173738389,0.18686958366847486,27405,0.48064221857325307,-2.519732237458073,-0.42231624401470835,-0.5986110379163815,-3.7668654051151824,14709,-9.597070388917714,13898,16.868961036932333,15788,-35.061383388964806,12631,0.6868528414545081,14709,-4.953716158113427,12884,30.500549088645318,15751,-47.14839631566766,11654
bear rule RepeatedHits,170526,29287,0.5146993546624782,0.8848133862895552,0.3352929417305236,0.14102283243476502,28302,0.5183025934562928,5.522169374628788,1.1941911294623009,0.49405734466326773,27265,0.5161195672107097,0.7339722182433452,0.12194210417157626,-0.2533454812459848,3.989192843598121,14916,7.521483018762303,13578,-11.31596428754408,15377,25.554663094027806,12925,1.4152963316244773,14916,-1.4940377504731515,12541,-25.770702046488694,15323,34.742607602474536,11942
bull rule AscendingFill,31994,11192,0.48668691922802,1.0873117054207928,0.22423531818439593,-0.5924134847966573,10893,0.486367391903057,8.747763053297225,1.0558757819350506,-0.12129677681321928,10533,0.49159783537453716,21.273363353197897,2.030775606479947,0.036616944201108385,11.683317595513136,5418,5.633122928707673,5516,45.171498608775295,6202,-39.40828212152157,4691,23.746826623204832,5418,19.929593316088923,5156,74.82497906576971,6189,-55.02289577320798,4344
bear rule AscendingFill,27991,10368,0.4957561728395062,-15.912185304538463,-3.2514233532772168,-1.4105726535815926,9989,0.502652918210031,-20.60221007804284,-2.4839164607106707,-1.296621261109063,9619,0.49849256679488513,-35.757143653036906,-3.3643975005149667,-1.366535071240289,-23.38936528210215,4942,-17.429070938406838,5093,-60.56107609766328,5621,30.819215264513577,4368,-30.022690091657694,4942,-41.96288811916934,4723,-93.19521112835048,5599,44.241796594296616,4020
bull rule DescendingFill,28790,10892,0.4870547190598605,1.1211535219676934,0.23103832637243024,-0.7449422765074393,10556,0.4843690791966654,-2.9377908458261746,-0.3564428711482302,-0.9358734570568662,10182,0.49066980946768807,11.08386752817522,1.059624518058509,-0.6621506419076789,7.235113825706508,5222,-12.280255197315935,5375,26.014583422055566,6033,-41.555892538979066,4523,21.08588656576526,5222,3.1074512602396314,5001,55.42222779836241,6028,-53.25692103915472,4154
bear rule DescendingFill,29548,10986,0.5122883670125614,-1.9234719121910695,-0.4124572249797004,-0.9882192594205648,10581,0.5133730271240904,-0.24266381747201904,-0.029521035385898984,-1.076285336325902,10155,0.5087149187592319,-11.34657551143156,-1.078593241306337,-1.3896937638528168,-18.167330036882134,5289,16.440029937771435,5339,-34.63857446883848,5939,43.763650994778175,4642,-18.97935194941388,5289,-5.909200384126871,4913,-62.40946949553151,5897,59.37157522230198,4258
bull rule FloorRule,2128,1396,0.4978510028653295,11.735605849252286,0.891556048046324,0.45905971136906537,1347,0.5077951002227171,15.738649473077208,0.627647469097659,0.14991227227937548,1315,0.5171102661596958,24.90134179025545,0.8532193109517895,0.3056144242312265,-35.923330887685964,802,91.17631233093317,546,14.825120265811712,691,16.700918805730335,656,-37.02261883105027,802,122.07012200726363,514,13.501338876397465,695,37.68037731466078,620
bear rule FloorRule,1891,1251,0.49480415667466027,5.502214662113189,0.36909567450328673,0.37979387632903905,1208,0.5165562913907285,-6.93841239883823,-0.27243375291162497,-0.08912257985014686,1186,0.5025295109612141,0.45467405455164656,0.014415359875983977,-0.26058892886702467,-10.68834191274425,783,-1.2658941141453555,427,-19.414026781632344,594,5.130830179956073,614,3.36241783954016,783,-5.345158266840211,405,-5.1864152242476536,598,6.19170022584753,588
bull cluster,177484,11321,0.4893560639519477,8.714944968451299,1.7926812546148896,0.20996253979801965,11028,0.4921109902067465,10.84920096738041,1.296961071640818,-0.2532900536196061,10673,0.49536212873606295,21.60683267900435,2.0697024561241824,-0.1423096906048591,16.296660246922844,5592,4.2069584540891665,5547,53.477403387851986,6288,-45.70061692711859,4740,32.77839443718566,5592,12.303458468783585,5192,78.80972775902737,6273,-59.94629478394664,4400
bear cluster,168247,11132,0.5028745957599713,-9.630457091530081,-1.9807959356693277,-0.8650525658206185,10792,0.5018532246108228,-9.849209198903845,-1.1798861471020337,-0.9963635791252221,10389,0.5009144287226874,-16.035244918798913,-1.5120834315590561,-1.4921205701592097,-17.805591741399404,5476,0.255289401708735,5423,-47.727870018810435,6073,38.897793801582004,4719,-28.969194404754575,5476,-3.171808752705878,5020,-71.32734931633702,6033,60.54355807255726,4356
bull no-cluster,61849,28718,0.4815098544466885,-3.2037007926230823,-1.2218615087610873,-0.3149635255061014,27804,0.47453603798014676,-10.128520025064388,-2.2416506329970938,-0.47376853071950237,26812,0.47661494853050873,-6.676773052160534,-1.139801471366076,-0.8944768412217362,-9.508567858368593,14441,-10.373234861079583,13461,9.692084124776835,15393,-34.71143515507051,12411,-4.776057007343504,14441,-7.60486786506351,12469,22.25717930003317,15368,-45.53180448771741,11444
bear no-cluster,61709,28741,0.5161963745172402,2.1510437870357575,0.8361935704578957,-0.38016551095459267,27726,0.5222895477169444,8.913626849644977,1.975597980084988,0.27510736685098813,26732,0.5197516085590304,3.6320783139823654,0.6168684671291688,0.30995999301621924,5.054496407715823,14643,12.620860003989794,13189,-4.416034387070107,14998,24.62059253382577,12728,6.798831391581386,14643,-1.1405660677306753,12195,-20.65008174288802,14962,34.49951066495048,11770
bull mcap <2B,13528,3092,0.4666882276843467,-0.2161788276152782,-0.016325494520131913,-0.8148502942535655,2968,0.45485175202156336,-53.31460265066922,-2.364111896865809,-0.9130994427496432,2843,0.4664087231797397,-55.360002674388916,-1.9383268193076217,0.13038100976192277,-44.54298021529266,1671,-64.61559038352519,1297,46.987116444359884,1430,-146.5730280771267,1538,-58.1973222595706,1671,-51.31464343647203,1172,135.65538743431838,1441,-251.68894500437978,1402
bear mcap <2B,10325,2917,0.5245114844017826,-3.5865153410638784,-0.2715549256216287,-0.028410290405994486,2791,0.5381583661769975,47.805503900605885,2.031802208022725,0.23963723799993855,2667,0.5178102737157855,41.67990805893002,1.3575972479211458,-0.4864791094363173,23.765336849293426,1586,79.4467528162752,1205,-10.626118574008606,1319,100.1637308326823,1472,50.848922474185414,1586,28.227496530164935,1081,-105.21825324611711,1317,184.98722542096488,1350
bull mcap 2-10B,39810,7949,0.48672789030066677,-5.0732492331584,-0.9175974938179056,-1.5217374584637176,7680,0.48203125,-15.55860849168363,-1.643988595368469,-0.9711964133155595,7370,0.4971506105834464,4.566094688114204,0.37212167854218614,-0.9733088809119624,13.840057421976109,4670,-61.170492151747084,3010,30.636210556417723,3750,-59.63763430094065,3930,31.200940334356147,4670,-41.502323522237646,2700,74.53735271821313,3738,-67.4472760488103,3632
bear mcap 2-10B,36944,7890,0.5076045627376425,-0.0660416392545873,-0.012054535951040493,0.132252996234469,7596,0.5151395471300685,10.695617784079218,1.123439154912289,0.09398717923959717,7288,0.5009604829857299,-3.7035472319754565,-0.3010747742354947,0.0847301124194253,-20.357966583503323,4678,60.47925989221872,2918,-28.693891298986852,3621,46.577230963898636,3975,-29.67114152428765,4678,42.83913709731056,2610,-70.43431813136397,3606,61.64983676128771,3682
bull mcap 10-100B,85376,12131,0.4833896628472508,-5.313824556505071,-1.5762694391339753,0.32345981654600836,11673,0.4764841942945258,-18.65955960950962,-3.137621690984673,0.10148654597900511,11209,0.48193416004995987,-20.781994072850107,-2.7655318294738462,-0.019370126399113802,-12.537350612172371,6965,-27.71673583432993,4708,-25.365338809499264,5536,-12.610481289297368,6137,-15.967287034003677,6965,-28.683604470014448,4244,-28.226205149584626,5521,-13.556345452130829,5688
bear mcap 10-100B,85069,12370,0.5141471301535974,4.701075047775876,1.4119646347065125,-1.1014266454001764,11863,0.5212846666104696,18.18329362892523,3.0779165707727616,-0.5100931399929229,11369,0.5206262644032017,18.125277239923918,2.418318413549313,-0.9608285123266043,10.397957880386707,7191,30.16624512030803,4672,26.061452101993734,5476,11.42882426951969,6387,15.99787345329194,7191,21.786876241759817,4178,23.932135825833587,5457,12.765326748836447,5912
bull mcap >100B,62458,5171,0.48965383871591567,2.4041513647048904,0.6280888694439442,1.0865498886208724,4990,0.48897795591182364,3.2617599659845107,0.47946092152788705,1.5651284729855208,4773,0.4866959983239053,8.148934908092754,0.9238492041710062,1.2434871419769176,-9.056316437332107,3045,22.546357728503327,1945,-4.477096081027529,2420,10.548931807918027,2570,-11.663517437469906,3045,43.06150284341585,1728,-1.2894351540512305,2407,17.750860833528332,2366
bear mcap >100B,61407,5107,0.503818288623458,-3.678381040536451,-0.9438338017621871,0.05159498890345894,4908,0.5099837000814996,-5.595545144157379,-0.8053940935928127,-1.7634072608272437,4693,0.5035158747070104,-19.47071509289802,-2.178235170383353,-2.112902745429382,5.44279278870267,3020,-23.252208574897494,1888,-0.34933594362528636,2314,-10.27547116190266,2594,1.292220752623303,3020,-56.950730785351325,1673,-13.508107249910411,2295,-25.177214258726444,2398
bull iv IV<30,10936,3228,0.48977695167286245,10.10312187552061,1.8248605669965214,-0.48079993965715223,3138,0.47068196303377946,-2.1623638331473525,-0.2458994435534181,-0.5567583637614293,3040,0.4605263157894737,-34.48241738100956,-3.00172587028396,-2.0020261452236516,-8.770348124709956,1805,6.785431850476428,1333,-25.423332859748385,1668,24.231715307240748,1470,-43.500671456413976,1805,-21.30189219388005,1235,-45.1924798833608,1659,-21.616382847048172,1381
bear iv IV<30,10483,3108,0.5186615186615187,-12.741064685048956,-2.1562124006593506,0.21092528971122956,3022,0.5410324288550629,2.253007026419885,0.2408357271274202,0.28114566709075867,2939,0.5392990813201769,32.59663491512434,2.740545351919035,1.3904556478149923,0.5537026215931196,1762,4.629335884598258,1260,27.37338742693209,1621,-26.8120441007966,1401,23.340077179391344,1762,46.453945646102724,1177,40.11993965994408,1619,23.369187656137118,1320
bull iv IV30-60,65101,13429,0.48782485665351105,-1.6255210988018636,-0.6783218831609656,-0.5985053164473276,13012,0.48278512142637564,-11.339331963883817,-2.703194451038689,-1.3858802709796818,12535,0.48767451136816914,-20.41895733383502,-3.7951798433785884,-0.8873594139927251,-20.26930343528588,8093,3.3527312843489274,4919,-41.37177495633931,6135,15.452734018188963,6877,-31.804055168447544,8093,0.323860490460139,4442,-52.05813223407793,6114,9.70748953426732,6421
bear iv IV30-60,64656,13619,0.5042954695645789,0.18121441838409832,0.07641643408046875,0.3739117689136887,13153,0.5115182848019463,10.718537075197741,2.5382913990147977,1.2661133475947985,12646,0.5122568401075439,18.67295454327721,3.415088818950341,1.7901916122890398,18.05691421845549,8269,-1.705918411616006,4884,42.68289361142909,6005,-16.134563232590345,7148,30.973703279309966,8269,-4.56554015589,4377,48.33382271893892,5974,-7.884903142784402,6672
bull iv IV>60,125048,16149,0.4869651371601957,-1.2680329513291777,-0.2901356804393657,-0.07262813767743063,15530,0.48068254990341275,-17.875058707924122,-2.373824197086146,-0.2764566021988372,14882,0.49328047305469697,5.647013682178282,0.5888921291584283,-0.47552924113335676,8.362755507556594,9195,-55.958200256676314,6335,37.93359748820569,7536,-70.486271254088,7994,28.73050903067477,9195,-31.67543044116004,5687,94.57524534032576,7542,-85.72856168100266,7340
bear iv IV>60,118515,15996,0.5110027506876719,0.13282175460162918,0.030916460141189164,-0.680100599873741,15317,0.5190311418685121,16.099013707484456,2.126834573093903,-0.8717797907781678,14662,0.5045014322739053,-7.1184049522636395,-0.7324855019118186,-1.6514529737338113,-14.719060485553177,9206,62.52532544387858,6111,-32.31961700424852,7266,59.79666254010794,8051,-25.837238752391414,9206,24.46619621415426,5456,-90.6714087791316,7252,74.65303684968593,7410
bull pure-ask (share=1),119786,23642,0.48608408764063954,1.2671255406441784,0.4027171807984325,-1.1748984346465154,22895,0.47896920725049136,-6.760384120348068,-1.252223859890742,-1.0652057444741168,22060,0.4829555757026292,3.127387416881528,0.4530601154427892,-1.2656765489682138,-1.8670899221544073,11668,-11.438133438554354,11367,22.997190728705068,12908,-45.22146113562571,9987,5.677460031715953,11668,2.3794867070947574,10532,48.787427110664474,12869,-60.80461680673861,9191
bear pure-ask (share=1),61815,17370,0.5104778353483017,0.06290041632336336,0.01826101054683999,-0.39316200999734724,16683,0.5146556374752742,4.9217123694241165,0.8280795287860476,-0.0733465268613367,16099,0.5102180259643456,-9.09231612622876,-1.1825294293038473,-0.9406878680288233,1.291378748939721,8983,9.314338629057088,7798,-12.955036070367818,8944,25.58195762662777,7739,1.9557532951371626,8983,-24.314131225971025,7214,-44.795775938517785,8893,34.96969721136302,7206
bull pure-bid (put@bid),52173,15579,0.4879003787149368,4.823954794664988,1.3092203854916382,1.3017767154953896,15122,0.4925274434598598,11.030051758596821,1.7547790698790633,0.7811861365394256,14615,0.49066028053369826,15.992244977370882,1.9626780685446246,0.5273070607859457,14.491133103232801,7754,6.355198779860343,7440,39.009999407450586,8485,-24.740606038679676,6637,18.483337819565314,7754,13.360923503514938,6933,57.05915288639932,8473,-40.66029665616835,6142
bear pure-bid (call@bid),103689,22467,0.5128855654960609,-2.521829547796714,-0.7956028301437277,-0.060823217266229676,21732,0.5164734032762747,-1.4241959061219933,-0.26096111272619643,0.26287888125544123,20904,0.5117202449292002,-11.41740077911586,-1.6118176102043449,-0.3076574738018575,-5.4984945553678495,11025,4.386983849518924,10826,-31.228325242796213,12118,36.14252338884557,9614,-10.867352810766326,11025,-11.580853815743625,9998,-51.60212109153918,12086,43.660001091597266,8818
ETF bull,85363,4875,0.46892307692307694,-18.14156491077594,-3.0632876053000233,-1.531515187502688,4703,0.4497129491813736,-65.36639489933339,-6.688061854583566,-2.9131173467368425,4536,0.44488536155202824,-105.36859498430546,-8.369418720102438,-3.6601238609015305,-29.855396616444192,3014,-128.7353403254009,1689,-66.93299778796805,2131,-64.06840471438764,2572,-54.91242365366097,3014,-205.28640075997066,1522,-116.21464943097656,2116,-95.8850201044889,2420
ETF bear,87961,5045,0.512784935579782,16.913263817423832,2.843223050103364,1.5927121711242227,4860,0.5290123456790123,51.263540776807346,5.135515799540156,0.12292166330692215,4686,0.5396927016645326,88.00529500621008,6.939401517020285,0.33295948026234407,10.900968509426919,3147,125.4147462207339,1713,50.9093678011388,2221,51.561615115177865,2639,29.34537309972049,3147,207.95511582474333,1539,99.90897365079898,2210,77.38044451972316,2476
bull sweep prem>1M,1017,574,0.5348432055749129,20.44048759991816,0.8725470521522929,0.5103000172991736,555,0.5387387387387388,49.59599112654997,1.1531038796644257,0.7773319554368157,536,0.5317164179104478,106.10764033349358,2.073712577996228,0.9978882486643054,24.468116782909547,244,69.31046488811995,311,65.21373604477753,344,24.13388566744909,211,38.05992442316904,244,162.96943034075105,292,148.28017269090503,340,32.951206652269626,196
bear sweep prem>1M,913,571,0.4973730297723292,-4.1510185062594305,-0.16548988054479674,0.03688186912431926,555,0.4648648648648649,-28.326837017260345,-0.6712813739272914,-0.5311210999271937,532,0.44360902255639095,-111.03431267572051,-2.195882450335559,-2.086668650594968,27.18225700955446,241,-70.93095058561182,314,-78.60260516650514,330,45.410956268298705,225,-45.78321463717143,241,-165.07388184166666,291,-179.19845682328813,326,-3.1629000926766437,206
bull sweep OTM dte4-45,7522,3933,0.4785151284007119,-2.0619851485327425,-0.2415232816832258,-0.023553145162552448,3797,0.49565446405056623,20.038704824135266,1.423333489565623,0.5805805317023512,3645,0.5037037037037037,34.65291194355244,1.9540641473570046,1.1054173186010823,44.7964966488689,1899,-5.296444468914321,1913,84.03451484612204,2090,-58.315860463475936,1707,53.79519625076818,1899,16.13847208200068,1761,126.03401503556947,2078,-86.52764467751415,1567
bear sweep OTM dte4-45,7044,3698,0.5159545700378583,5.1066620987023175,0.601678016694306,0.12499635328335008,3547,0.5043698900479279,-3.432758513290614,-0.23261622651566932,-0.19331975050181655,3353,0.49448255293766774,-17.731952283616913,-0.9051961029741568,-0.6635031253918495,-32.691496256389264,1733,25.179534967014632,1823,-59.92272954448225,1899,61.66096417374393,1648,-35.128688947927564,1733,0.14646987918990345,1629,-88.85898555966877,1869,71.84784905933519,1484
bull voloi>3 OTM dte4-45,6662,3685,0.503663500678426,18.901773219747298,2.3086260669309278,0.7372364070497449,3597,0.5020850708924104,35.71629460201874,2.590650593075864,1.1389414189296143,3484,0.5057405281285878,41.92249029462943,2.3941199760688754,1.1103193675741565,50.42166403865308,1944,19.262363521306735,1658,80.72581745370394,1995,-20.334890222645416,1602,60.498212623730936,1944,19.912137189694928,1545,100.1237113694522,1975,-34.252070091570054,1509
bear voloi>3 OTM dte4-45,6513,3627,0.503170664460987,-7.246734888598481,-0.845176197487628,-0.47606255759720123,3504,0.5034246575342466,-9.462577626042735,-0.6524224702443499,-0.359177627783871,3399,0.501323918799647,-5.4009491437910135,-0.29633968466065946,-0.758357507549692,-1.4400223971556068,1954,-19.26909585694658,1555,-38.18769252694092,1857,22.92512023125413,1647,4.926517548212015,1954,-19.66307257735605,1450,-44.332884549511945,1847,40.93106419020804,1552
bull cluster prem>250k,25013,4732,0.507396449704142,28.15933456304581,3.769215776254766,1.795818049558575,4604,0.5156385751520417,54.748105974798975,4.274671138069184,2.0318379567540785,4445,0.521259842519685,86.61484499348161,5.32577450138606,2.6070555573103005,45.701217143639845,2305,62.792362154884756,2333,102.66029446694152,2624,-8.747642814787874,1980,69.188547584233,2305,106.93429646655234,2174,164.02799875570483,2611,-23.595484599301923,1834
bear cluster prem>250k,25475,4757,0.48728190035736807,-22.40437455488972,-3.054790812056068,-1.0380129926789459,4613,0.48710166919575115,-38.05941078267927,-3.025553819709013,-1.2491603619919105,4418,0.48030783159800816,-59.798755664971665,-3.7508188321258324,-1.8233237978386678,-49.92469100338269,2257,-27.103201164985148,2392,-76.2897625574986,2656,13.82603342474031,1957,-70.14771365653085,2257,-52.64671538290103,2197,-107.82864144772894,2617,9.992588640123182,1801
bull smallcap<2B sweep,2062,846,0.45508274231678486,-41.511122081568104,-1.3568505118436853,-1.4747580787881702,830,0.4457831325301205,-78.71829068883918,-1.5370046442217826,-1.3412934673863697,786,0.44147582697201015,-187.51962344526117,-3.1421702952889508,-1.4647577878788929,-78.82623632327613,434,-78.59998663493606,396,-3.712683080198561,378,-141.4442191757112,452,-179.38362217499596,434,-197.55094319325852,352,-47.13037467125457,376,-316.2668369550818,410
bull pure-ask voloi>3 prem>250k,3217,1666,0.5198079231692677,51.192686534603816,4.352853207773726,2.6837346995291953,1605,0.5258566978193147,50.541819919576525,2.4324720122547454,1.7934975405020734,1546,0.5407503234152652,106.89733984393175,4.1083799834998596,2.592421698286113,31.256445263932402,789,68.86612421479285,817,103.91038042712988,882,-14.56339497345537,723,59.041862025221384,789,156.04238301871956,758,184.89348694218134,875,5.188504209105543,671
bear pure-ask voloi>3 prem>250k,2655,1626,0.492619926199262,-3.9330467358794743,-0.32362582091112235,-0.4059011502689831,1576,0.49048223350253806,7.222524616426346,0.32268761385767586,-0.4808932400281797,1519,0.48518762343647137,-31.74310041850096,-1.1194410531592147,-1.047044349069222,1.760039069954046,845,14.237653575205991,736,-2.412529196254228,925,20.91288525656388,651,4.937379548808391,845,-78.49273672685149,679,-40.71891298385431,911,-18.294144420085,608
