timestamp,action,symbol,strategy,direction,entry_price,exit_price,pnl_dollars,pnl_pct,hold_time_minutes,dte_at_entry,dte_at_exit,entry_delta,entry_theta,entry_signal_strength,entry_conviction,entry_credit_ratio,entry_whale_premium,entry_prob_profit,entry_underlying_price,vix_at_entry,entry_flow_direction,profit_tier_reached,stop_loss_price,scaled_stop_level,exit_reason,day_of_week,hour_of_day,quantity,max_risk_dollars
2026-03-09T17:49:33.195842,OPEN,IWM,bear_call_spread,bearish,-1.01,-1.01,0,0,0,6,6,0.114,0.0567,98,100,0.3300,2768820,0.6966,247.98,0.00,,0,2.52,,,Monday,17,2,402.00
2026-03-09T17:49:35.376738,OPEN,GOOGL,bear_call_spread,bearish,-0.72,-0.72,0,0,0,6,6,0.074,0.0465,87,100,0.2840,1326350,0.6852,301.70,0.00,,0,1.80,,,Monday,17,2,358.00
2026-03-09T18:10:47.639367,OPEN,GLD,bull_put_spread,bullish,-1.64,-1.64,0,0,0,6,6,-0.087,0.0443,84,98,0.2900,1752826,0.6085,468.08,0.00,,0,4.10,,,Monday,18,1,355.00
2026-03-10T13:33:25.113139,CLOSE,GLD,bull_put_spread,bullish,1.64,0.79,85.00,51.83,1163,7,5,0.000,0.0553,0,0,0.3280,0,0.0000,0.00,0.00,,0,-4.10,,Take profit hit: close=$0.79 <= $0.82 (50% of credit),Tuesday,13,1,336.00
2026-03-10T14:23:23.471879,OPEN,AVGO,bear_call_spread,bearish,-0.88,-0.88,0,0,0,5,5,0.044,0.0402,87,100,0.2400,1743656,0.6702,349.55,0.00,,0,2.20,,,Tuesday,14,2,380.00
2026-03-10T18:58:09.329322,OPEN,NVDA,bull_put_spread,bullish,-0.56,-0.56,0,0,0,5,5,-0.065,0.0234,88,91,0.2160,1462059,0.6879,184.56,0.00,,0,1.40,,,Tuesday,18,2,392.00
2026-03-11T18:11:24.929245,CLOSE,AVGO,bear_call_spread,bearish,0.88,0.42,92.00,52.27,1668,6,4,0.000,0.0592,0,0,0.3520,0,0.0000,0.00,0.00,,0,-2.20,,Take profit hit: close=$0.42 <= $0.44 (50% of credit),Wednesday,18,2,324.00
2026-03-11T18:18:33.559420,OPEN,AAPL,bull_put_spread,bullish,-0.57,-0.57,0,0,0,4,4,-0.096,0.0223,86,92,0.2240,4736079,0.6466,260.12,0.00,,0,1.42,,,Wednesday,18,2,388.00
2026-03-12T15:24:05.259882,OPEN,WFC,bull_put_spread,bullish,-0.55,-0.55,0,0,0,7,7,-0.161,0.0326,71,100,0.1800,2266501,0.6474,74.83,0.00,,0,1.38,,,Thursday,15,1,246.00
2026-03-12T15:45:37.559160,OPEN,SMH,bear_call_spread,bearish,-1.69,-1.69,0,0,0,7,7,0.072,0.0246,67,100,0.2500,528963,0.6846,391.38,0.00,,0,4.22,,,Thursday,15,1,375.00
2026-03-12T16:32:00.251454,OPEN,AAPL,bear_call_spread,bearish,-0.68,-0.68,0,0,0,5,5,0.090,0.0463,88,94,0.2720,2377110,0.7013,255.59,0.00,,0,1.70,,,Thursday,16,1,182.00
2026-03-13T14:17:52.720730,CLOSE,IWM,bear_call_spread,bearish,1.01,0.50,102.00,50.50,5548,4,2,0.000,0.1178,0,0,0.3367,0,0.0000,0.00,0.00,,0,-2.52,,Take profit hit: close=$0.50 <= $0.50 (50% of credit),Friday,14,2,398.00
2026-03-13T14:25:27.525731,OPEN,ARKK,bear_call_spread,bearish,-0.51,-0.51,0,0,0,6,6,0.196,0.0357,72,95,0.1667,22094720,0.6707,71.57,0.00,,0,1.27,,,Friday,14,2,500.00
2026-03-16T13:30:05.334298,CLOSE,NVDA,bull_put_spread,bullish,0.56,0.40,32.00,28.57,8312,4,-1,0.000,0.0187,0,0,0.2240,0,0.0000,0.00,0.00,,0,-1.40,,Credit DTE exit: 0 DTE with +10.7% profit — avoiding assignment risk,Monday,13,2,388.00
2026-03-16T13:45:18.649304,OPEN,IWM,bear_call_spread,bearish,-1.10,-1.10,0,0,0,6,6,0.089,0.0470,95,93,0.3500,3668277,0.6273,250.88,0.00,,0,2.75,,,Monday,13,2,390.00
2026-03-16T16:45:14.092498,CLOSE,AAPL,bear_call_spread,bearish,0.68,0.17,51.00,75.00,5773,2,1,0.000,0.1223,0,0,0.2720,0,0.0000,0.00,0.00,,0,-1.70,,Credit DTE exit: 1 DTE with +75.0% profit — avoiding assignment risk,Monday,16,1,182.00
2026-03-16T17:06:41.147132,OPEN,ORCL,bull_put_spread,bullish,-0.65,-0.65,0,0,0,3,3,-0.070,0.0470,73,100,0.1867,1168653,0.7093,155.50,0.00,,0,1.62,,,Monday,17,1,244.00
2026-03-17T13:36:41.096055,CLOSE,WFC,bull_put_spread,bullish,0.55,0.16,39.00,70.91,7093,4,2,0.000,0.0354,0,0,0.1833,0,0.0000,0.00,0.00,,0,-1.37,,Take profit hit: close=$0.20 <= $0.27 (50% of credit),Tuesday,13,1,245.00
2026-03-17T13:47:14.335871,OPEN,NVDA,bull_put_spread,bullish,-0.60,-0.60,0,0,0,5,5,-0.079,0.0158,86,90,0.2400,105636037,0.6531,183.71,0.00,,0,1.50,,,Tuesday,13,1,190.00
2026-03-17T16:04:23.480385,OPEN,META,bull_put_spread,bullish,-2.26,-2.26,0,0,0,5,5,-0.100,0.0506,83,91,0.2933,1500847,0.5767,626.75,0.00,,0,5.65,,,Tuesday,16,1,530.00
2026-03-18T13:35:17.572426,CLOSE,ORCL,bull_put_spread,bullish,0.65,0.59,6.00,9.23,2669,3,1,0.000,0.0985,0,0,0.2167,0,0.0000,0.00,0.00,,0,-1.62,,Credit DTE exit: 1 DTE with +1.5% profit — avoiding assignment risk,Wednesday,13,1,235.00
2026-03-18T14:26:46.780286,CLOSE,SMH,bear_call_spread,bearish,1.69,1.24,45.00,26.63,8561,3,1,0.000,0.2818,0,0,0.3380,0,0.0000,0.00,0.00,,0,-4.22,,Credit DTE exit: 1 DTE with +14.2% profit — avoiding assignment risk,Wednesday,14,1,331.00
2026-03-18T15:14:42.452364,OPEN,AVGO,bear_call_spread,bearish,0.85,0.85,0,0,0,4,4,0.060,0.0453,86,100,0.2240,1675615,0.6482,319.98,0.00,,0,-2.12,,,Wednesday,15,3,582.00
2026-03-18T16:02:51.553883,CLOSE,IWM,bear_call_spread,bearish,1.10,0.55,110.00,50.00,3018,6,4,0.000,0.0892,0,0,0.3667,0,0.0000,0.00,0.00,,0,-2.75,,Take profit hit: close=$0.55 <= $0.55 (50% of credit),Wednesday,16,2,380.00
2026-03-18T16:34:18.755665,OPEN,AAPL,bear_call_spread,bearish,0.54,0.54,0,0,0,4,4,0.126,0.0590,90,96,0.2120,2581243,0.7532,250.89,0.00,,0,-1.35,,,Wednesday,16,2,394.00
2026-03-19T15:11:11.921259,OPEN,IWM,bear_call_spread,bearish,1.22,1.22,0,0,0,5,5,0.125,0.0662,94,100,0.3900,2926176,0.6029,245.73,0.00,,0,-3.05,,,Thursday,15,3,549.00
2026-03-19T15:13:30.081563,OPEN,NVDA,bull_put_spread,bullish,0.55,0.55,0,0,0,5,5,-0.095,0.0122,87,93,0.2160,4454822,0.6772,178.76,0.00,,0,-1.38,,,Thursday,15,1,196.00
2026-03-19T16:33:26.716352,CLOSE,AAPL,bear_call_spread,bearish,0.54,0.27,54.00,50.00,1439,4,3,0.000,0.0708,0,0,0.2160,0,0.0000,0.00,0.00,,0,-1.35,,Take profit hit: close=$0.27 <= $0.27 (50% of credit),Thursday,16,2,392.00
2026-03-19T16:33:41.157871,OPEN,META,bull_put_spread,bullish,1.36,1.36,0,0,0,5,5,-0.066,0.0294,84,98,0.2700,12229564,0.5943,605.60,0.00,,0,-3.40,,,Thursday,16,1,365.00
2026-03-20T14:13:50.843286,OPEN,CRM,bull_put_spread,bullish,0.72,0.72,0,0,0,6,6,-0.063,0.0135,86,100,0.2120,2605246,0.6476,194.19,0.00,,0,-1.80,,,Friday,14,2,394.00
2026-03-20T19:34:03.505415,CLOSE,IWM,bear_call_spread,bearish,1.22,0.61,183.00,50.00,1703,5,4,0.000,0.0958,0,0,0.4067,0,0.0000,0.00,0.00,,0,-3.05,,Take profit hit: close=$0.61 <= $0.61 (50% of credit),Friday,19,3,534.00
2026-03-23T13:45:14.247154,OPEN,IWM,bear_call_spread,bearish,1.15,1.15,0,0,0,6,6,0.088,0.0555,96,93,0.3667,14350631,0.6485,247.50,0.00,,0,-2.88,,,Monday,13,3,570.00
2026-03-23T13:45:14.680045,OPEN,C,bear_call_spread,bearish,0.82,0.82,0,0,0,3,3,0.135,0.0611,85,100,0.2600,2521982,0.6357,112.64,0.00,,0,-2.05,,,Monday,13,1,222.00
2026-03-23T13:58:15.510134,CLOSE,NVDA,bull_put_spread,bullish,0.55,0.55,0,0,5685,3,1,0.000,-0.0243,0,0,0.2200,0,0.0000,0.00,0.00,,0,-1.38,,Credit DTE exit: 1 DTE with +0.0% profit — avoiding assignment risk,Monday,13,1,195.00
2026-03-23T14:15:02.355301,OPEN,AAPL,bull_put_spread,bullish,0.73,0.73,0,0,0,6,6,-0.095,0.0143,84,92,0.2360,5420282,0.6061,252.18,0.00,,0,-1.82,,,Monday,14,1,191.00
2026-03-23T15:01:00.515596,CLOSE,META,bull_put_spread,bullish,1.36,1.34,2.00,1.47,5667,3,1,0.000,0.1138,0,0,0.2720,0,0.0000,0.00,0.00,,0,-3.40,,Credit DTE exit: 1 DTE with +1.5% profit — avoiding assignment risk,Monday,15,1,364.00
2026-03-23T15:09:40.989896,OPEN,XOM,bull_put_spread,bullish,0.67,0.67,0,0,0,3,3,-0.138,0.0271,86,96,0.2200,2693299,0.6587,159.76,0.00,,0,-1.68,,,Monday,15,1,195.00
2026-03-26T19:30:05.277629,CLOSE,CRM,bull_put_spread,bullish,0.72,1.98,-252.00,-175.00,8956,5,0,0.000,-0.3852,0,0,0.2880,0,0.0000,0.00,0.00,,0,-1.80,,"EXPIRY DAY EXIT: Position expires today, closing at 15:30 ET (deadline 15:30)",Thursday,19,2,356.00
2026-03-27T14:12:22.425715,OPEN,META,bull_put_spread,bullish,1.49,1.49,0,0,0,5,5,-0.037,0.0627,85,98,0.2700,13193814,0.6353,533.16,0.00,,0,-3.73,,,Friday,14,1,365.00
2026-03-30T13:30:04.067171,CLOSE,IWM,bear_call_spread,bearish,1.15,0.15,300.00,86.96,10065,1,-1,0.000,0.1022,0,0,0.3833,0,0.0000,0.00,0.00,,0,-2.88,,Credit DTE exit: 0 DTE with +80.9% profit — avoiding assignment risk,Monday,13,3,555.00
2026-03-30T13:34:43.333076,CLOSE,AAPL,bull_put_spread,bullish,0.73,1.54,-81.00,-110.96,10040,1,-1,0.000,-0.0134,0,0,0.2920,0,0.0000,0.00,0.00,,0,-1.82,,Roll partial close (open leg failed: Open leg failed),Monday,13,1,177.00
2026-03-30T13:45:04.163897,OPEN,GLD,bull_put_spread,bullish,1.03,1.03,0,0,0,6,6,-0.045,0.0049,71,94,0.1375,19643483,0.6441,417.47,0.00,,0,-2.58,,,Monday,13,1,345.00
2026-03-30T13:46:47.509320,OPEN,IWM,bear_call_spread,bearish,0.94,0.94,0,0,0,6,6,0.087,0.0326,98,97,0.3100,8691497,0.6934,242.94,0.00,,0,-2.35,,,Monday,13,2,414.00
2026-03-30T16:05:17.965436,OPEN,NVDA,bull_put_spread,bullish,0.53,0.53,0,0,0,6,6,-0.070,0.0215,88,93,0.2080,27011092,0.7077,167.07,0.00,,0,-1.33,,,Monday,16,3,594.00
2026-03-30T16:20:25.381749,OPEN,AAPL,bull_put_spread,bullish,0.62,0.62,0,0,0,6,6,-0.077,0.0200,87,91,0.2160,19018208,0.6640,246.40,0.00,,0,-1.55,,,Monday,16,1,196.00
2026-03-31T13:19:40.336147,CLOSE,META,bull_put_spread,bullish,1.49,1.14,35.00,23.49,5707,3,1,0.000,0.1506,0,0,0.2980,0,0.0000,0.00,0.00,,0,-3.73,,Position removed: 5 failed close attempts — likely settled on Tradier,Tuesday,13,1,351.00
2026-03-31T14:32:30.150688,OPEN,QQQ,bear_call_spread,bearish,2.18,2.18,0,0,0,5,5,0.128,0.1095,95,92,0.3617,602037794,0.6342,568.46,0.00,,0,-5.45,,,Tuesday,14,1,383.00
2026-03-31T16:26:06.299146,CLOSE,NVDA,bull_put_spread,bullish,0.53,0.26,81.00,50.94,1461,6,5,-0.070,0.0307,88,93,0.2080,27011092,0.7077,167.07,30.07,bullish,0,-1.33,,Take profit hit: close=$0.26 <= $0.27 (50% of credit),Tuesday,16,3,594.00
2026-03-31T16:40:49.757434,CLOSE,AAPL,bull_put_spread,bullish,0.62,0.26,36.00,58.06,1460,6,5,-0.077,0.0323,87,91,0.2160,19018208,0.6640,246.40,30.12,bullish,0,-1.55,,Take profit hit: close=$0.30 <= $0.31 (50% of credit),Tuesday,16,1,196.00
2026-03-31T18:31:19.441548,OPEN,NVDA,bull_put_spread,bullish,0.58,0.58,0,0,0,5,5,-0.103,0.0197,87,91,0.2320,48654059,0.6756,173.25,0.00,,0,-1.45,,,Tuesday,18,3,576.00
2026-04-01T13:32:15.261391,CLOSE,GLD,bull_put_spread,bullish,1.03,0.50,53.00,51.46,2867,7,4,0.000,0.0423,0,0,0.2575,0,0.0000,0.00,0.00,,0,-2.58,,Take profit hit: close=$0.51 <= $0.52 (50% of credit),Wednesday,13,1,297.00
2026-04-01T13:45:40.859797,OPEN,GLD,bull_put_spread,bullish,0.78,0.78,0,0,0,4,4,-0.076,0.0306,74,94,0.1275,9329532,0.7287,435.69,0.00,,0,-1.95,,,Wednesday,13,1,349.00
2026-04-01T14:14:42.655836,CLOSE,NVDA,bull_put_spread,bullish,0.58,0.29,87.00,50.00,1183,5,4,-0.103,0.0291,87,91,0.2320,48654059,0.6756,173.25,26.29,bullish,0,-1.45,,Take profit hit: close=$0.29 <= $0.29 (50% of credit),Wednesday,14,3,576.00
2026-04-02T13:16:32.617119,CLOSE,IWM,bear_call_spread,bearish,0.94,2.32,-276.00,-146.81,4290,7,3,0.000,0.0062,0,0,0.3133,0,0.0000,0.00,0.00,,0,-2.35,,Roll partial close (open leg failed: Open leg failed),Thursday,13,2,412.00
2026-04-02T13:30:44.888216,CLOSE,GLD,bull_put_spread,bullish,0.78,3.55,-277.00,-355.13,1425,4,3,-0.076,0.0544,74,94,0.1275,9329532,0.7287,435.69,25.03,bullish,0,-1.95,,Roll partial close (open leg failed: Open leg failed),Thursday,13,1,349.00
2026-04-02T14:36:26.243255,CLOSE,QQQ,bear_call_spread,bearish,2.18,4.37,-219.00,-100.46,2884,5,3,0.128,0.0527,95,92,0.3617,602037794,0.6342,568.46,27.31,bearish,0,-5.45,,Roll partial close (open leg failed: Open leg failed),Thursday,14,1,383.00
2026-04-02T15:21:20.368123,OPEN,IWM,bear_call_spread,bearish,0.99,0.99,0,0,0,5,5,0.129,0.0637,97,91,0.3167,8546095,0.6694,250.43,0.00,,0,-2.48,,,Thursday,15,1,205.00
2026-04-02T15:41:23.171704,OPEN,ORCL,bear_call_spread,bearish,0.64,0.64,0,0,0,7,7,0.084,0.0268,88,95,0.2520,4432545,0.6908,145.29,0.00,,0,-1.60,,,Thursday,15,1,187.00
2026-04-02T15:53:40.281210,OPEN,SMH,bull_put_spread,bullish,0.88,0.88,0,0,0,7,7,-0.062,0.0346,71,93,0.1700,7632340,0.6551,389.81,0.00,,0,-2.20,,,Thursday,15,1,415.00
2026-04-02T16:03:57.744762,OPEN,COIN,bear_call_spread,bearish,0.68,0.68,0,0,0,7,7,0.049,0.0313,88,92,0.2000,13109991,0.7117,171.21,0.00,,0,-1.70,,,Thursday,16,1,200.00
2026-04-02T16:10:51.820912,OPEN,GLD,bear_call_spread,bearish,1.21,1.21,0,0,0,5,5,0.085,0.0579,88,91,0.2125,47113562,0.6964,427.56,0.00,,0,-3.02,,,Thursday,16,1,315.00
2026-04-02T19:01:42.984492,CLOSE,IWM,bear_call_spread,bearish,0.94,1.94,-200.00,-106.38,4635,4,3,0.000,0.0128,0,0,0.3133,0,0.0000,0.00,0.00,,0,-2.35,,Roll partial close (open leg failed: Open leg failed),Thursday,19,2,412.00
2026-04-02T19:02:27.539254,CLOSE,META,bull_put_spread,bullish,1.49,0.01,148.00,99.33,8930,1,-1,0.000,,0,0,0.2980,0,0.0000,0.00,0.00,,0,-3.73,,Position removed: expired (DTE=-1) — likely settled on Tradier,Thursday,19,1,351.00
2026-04-03T13:15:59.192884,CLOSE,META,bull_put_spread,bullish,1.49,0.00,149.00,100.00,10024,1,0,0.000,,0,0,0.2980,0,0.0000,0.00,0.00,,0,-3.73,,closed/expired on Tradier (recon),Friday,13,1,351.00
2026-04-06T13:32:28.874999,CLOSE,IWM,bear_call_spread,bearish,0.99,0.94,5.00,5.05,5651,6,1,0.000,0.0707,0,0,0.3300,0,0.0000,0.00,0.00,,0,-2.47,,Credit DTE exit: 1 DTE with +5.1% profit — avoiding assignment risk,Monday,13,1,201.00
2026-04-06T13:34:25.886299,CLOSE,GLD,bear_call_spread,bearish,1.21,1.05,16.00,13.22,5604,6,1,0.000,0.0673,0,0,0.3025,0,0.0000,0.00,0.00,,0,-3.02,,Credit DTE exit: 1 DTE with +0.8% profit — avoiding assignment risk,Monday,13,1,279.00
2026-04-06T13:45:24.192265,OPEN,IWM,bear_call_spread,bearish,1.13,1.13,0,0,0,6,6,0.111,0.0359,100,93,0.3467,30161372,0.6602,251.57,0.00,,0,-2.82,,,Monday,13,2,392.00
2026-04-06T13:58:38.180988,OPEN,PLTR,bear_call_spread,bearish,0.83,0.83,0,0,0,3,3,0.094,0.0346,100,91,0.3320,9684487,0.6919,149.66,0.00,,0,-2.07,,,Monday,13,2,334.00
2026-04-07T14:00:00.656760,CLOSE,PLTR,bear_call_spread,bearish,0.83,0.41,84.00,50.60,1441,3,2,0.000,0.0839,0,0,0.3320,0,0.0000,0.00,0.00,,0,-2.08,,Take profit hit: close=$0.41 <= $0.42 (50% of credit),Tuesday,14,2,334.00
2026-04-07T14:00:38.704140,OPEN,GLD,bear_call_spread,bearish,1.05,1.05,0,0,0,5,5,0.079,0.0540,90,92,0.2375,6570428,0.6849,426.30,0.00,,0,-2.62,,,Tuesday,14,1,305.00
2026-04-07T14:07:37.700782,CLOSE,ORCL,bear_call_spread,bearish,0.64,0.28,36.00,56.25,7106,3,2,0.000,0.0623,0,0,0.2560,0,0.0000,0.00,0.00,,0,-1.60,,Take profit hit: close=$0.31 <= $0.32 (50% of credit),Tuesday,14,1,186.00
2026-04-07T15:32:44.812310,OPEN,AAPL,bear_call_spread,bearish,1.67,1.67,0,0,0,5,5,0.179,0.0958,99,96,0.3280,38750470,0.6099,247.50,0.00,,0,-4.17,,,Tuesday,15,1,336.00
2026-04-08T13:34:15.738176,CLOSE,SMH,bull_put_spread,bullish,0.90,0.35,55.00,61.11,2880,10,8,0.000,0.0366,0,0,0.1800,0,0.0000,0.00,0.00,,0,-2.25,,Take profit hit: close=$0.36 <= $0.45 (50% of credit),Wednesday,13,1,410.00
2026-04-13T19:30:07.898969,CLOSE,AAPL,bear_call_spread,bearish,1.67,5.00,-333.00,-199.40,8877,4,-1,0.000,-0.0001,0,0,0.3340,0,0.0000,0.00,0.00,,0,-4.18,,"EXPIRY DAY EXIT: Position expires today, closing at 15:30 ET (deadline 15:30)",Monday,19,1,333.00
2026-04-14T13:46:24.322041,OPEN,PLTR,bull_put_spread,bullish,0.55,0.55,0,0,0,9,9,-0.091,0.0122,77,92,0.1800,4945014,0.7271,137.13,0.00,,0,-1.38,,,Tuesday,13,1,246.00
2026-04-15T17:30:32.399185,CLOSE,COIN,bear_call_spread,bearish,0.45,2.14,-169.00,-375.56,13190,2,1,0.000,-0.1207,0,0,0.1800,0,0.0000,0.00,0.00,,0,-1.13,,Credit 1-DTE exit: 1 DTE with -377.8% — closing to avoid assignment/gamma risk,Wednesday,17,1,205.00
2026-04-15T17:30:34.656799,CLOSE,GLD,bear_call_spread,bearish,1.85,3.34,-149.00,-80.54,7438,2,1,0.000,-0.1035,0,0,0.4625,0,0.0000,0.00,0.00,,0,-4.62,,Credit 1-DTE exit: 1 DTE with -81.1% — closing to avoid assignment/gamma risk,Wednesday,17,1,215.00
2026-04-15T17:30:36.850663,CLOSE,IWM,bear_call_spread,bearish,2.26,3.00,-148.00,-32.74,7437,2,1,0.000,-0.0845,0,0,0.7533,0,0.0000,0.00,0.00,,0,-5.65,,Credit 1-DTE exit: 1 DTE with -34.5% — closing to avoid assignment/gamma risk,Wednesday,17,2,148.00
2026-04-15T18:46:24.512801,OPEN,AAPL,bull_put_spread,bullish,0.64,0.64,0,0,0,4,4,-0.111,0.0319,91,99,0.2360,7739929,0.6795,265.67,0.00,,0,-1.60,,,Wednesday,18,1,191.00
2026-04-15T19:01:26.424818,OPEN,SNOW,bull_put_spread,bullish,0.61,0.61,0,0,0,8,8,-0.065,0.0261,93,97,0.2033,17299241,0.7054,144.21,0.00,,0,-1.52,,,Wednesday,19,1,239.00
2026-04-16T15:22:53.905122,CLOSE,PLTR,bull_put_spread,bullish,0.55,0.27,28.00,50.91,2977,9,7,0.000,0.0226,0,0,0.1833,0,0.0000,0.00,0.00,,0,-1.37,,Take profit hit: close=$0.27 <= $0.27 (50% of credit),Thursday,15,1,245.00
2026-04-16T15:59:12.994088,OPEN,ORCL,bull_put_spread,bullish,0.64,0.64,0,0,0,7,7,-0.059,0.0236,71,100,0.2360,658329,0.6925,177.32,0.00,,0,-1.60,,,Thursday,15,1,191.00
2026-04-17T13:31:28.942040,CLOSE,AAPL,bull_put_spread,bullish,0.64,0.29,35.00,54.69,2565,3,2,0.000,0.0312,0,0,0.2560,0,0.0000,0.00,0.00,,0,-1.60,,Take profit hit: close=$0.29 <= $0.32 (50% of credit),Friday,13,1,186.00
2026-04-17T13:45:17.253539,OPEN,DIA,bull_call_spread,bearish,3.48,3.48,0,0,0,6,6,0.243,-0.1120,77,100,0.5214,28461393,0.4418,491.07,0.00,,0,2.96,,,Friday,13,1,365.00
2026-04-17T15:25:11.906155,OPEN,DIA,bull_put_spread,bullish,1.07,1.07,0,0,0,6,6,-0.149,0.0239,100,100,0.2140,3103626,0.6084,495.06,0.00,,0,-2.66,,,Friday,15,1,393.00
2026-04-17T15:31:12.506656,OPEN,COIN,bull_put_spread,bullish,0.55,0.55,0,0,0,6,6,-0.035,0.0388,94,98,0.2200,4207231,0.7101,211.30,0.00,,0,-1.37,,,Friday,15,3,585.00
2026-04-17T16:24:11.572753,OPEN,GLD,bull_put_spread,bullish,0.92,0.92,0,0,0,4,4,-0.123,0.0603,100,100,0.2300,7472617,0.6364,447.37,0.00,,0,-2.30,,,Friday,16,1,308.00
2026-04-17T16:55:27.160695,OPEN,XOM,bull_call_spread,bearish,1.06,1.06,0,0,0,6,6,0.124,-0.0182,78,98,0.5300,181981270,0.4388,145.18,0.00,,0,0.91,,,Friday,16,2,212.00
2026-04-17T16:55:29.768826,CLOSE,XOM,bull_call_spread,bearish,1.06,2.56,298.01,139.92,0,6,6,0.124,-0.1765,78,98,0.5300,181981270,0.4388,145.18,17.49,bullish,0,0.91,,Scaled profit Tier 4: +139.9% profit target reached — CLOSING,Friday,16,2,212.00
2026-04-17T16:56:05.074039,OPEN,XOM,bull_call_spread,bearish,1.06,1.06,0,0,0,6,6,0.124,-0.0182,78,98,0.5300,178143395,0.4395,145.19,0.00,,0,0.90,,,Friday,16,4,424.00
2026-04-17T16:56:07.948245,CLOSE,XOM,bull_call_spread,bearish,1.06,2.56,599.47,141.21,0,6,6,0.124,-0.1765,78,98,0.5300,178143395,0.4395,145.19,17.48,bullish,0,0.90,,Scaled profit Tier 4: +141.2% profit target reached — CLOSING,Friday,16,4,424.00
2026-04-17T16:56:47.008481,OPEN,AVGO,bull_put_spread,bullish,1.11,1.11,0,0,0,4,4,-0.099,0.0657,90,91,0.2220,8960753,0.6414,403.28,0.00,,0,-2.77,,,Friday,16,2,778.00
2026-04-17T16:56:47.013714,OPEN,XOM,bull_call_spread,bearish,1.05,1.05,0,0,0,6,6,0.124,-0.0182,78,98,0.5250,174036963,0.4360,145.13,0.00,,0,0.89,,,Friday,16,1,105.00
2026-04-17T16:56:49.231974,CLOSE,XOM,bull_call_spread,bearish,1.05,2.55,150.42,143.14,0,6,6,0.124,-0.1765,78,98,0.5250,174036963,0.4360,145.13,17.47,bullish,0,0.89,,Scaled profit Tier 4: +143.1% profit target reached — CLOSING,Friday,16,1,105.00
2026-04-17T16:57:25.455281,OPEN,XOM,bull_call_spread,bearish,1.04,1.04,0,0,0,6,6,0.124,-0.0182,78,98,0.5200,169969339,0.4350,145.10,0.00,,0,0.89,,,Friday,16,2,208.00
2026-04-17T16:57:28.030722,CLOSE,XOM,bull_call_spread,bearish,1.04,2.56,302.30,144.85,0,6,6,0.124,-0.1765,78,98,0.5200,169969339,0.4350,145.10,17.43,bullish,0,0.89,,Scaled profit Tier 4: +144.9% profit target reached — CLOSING,Friday,16,2,208.00
2026-04-17T16:58:12.432965,OPEN,XOM,bull_call_spread,bearish,1.04,1.04,0,0,0,6,6,0.124,-0.0182,78,98,0.5200,165655669,0.4332,145.08,0.00,,0,0.89,,,Friday,16,4,416.00
2026-04-17T16:58:14.802245,CLOSE,XOM,bull_call_spread,bearish,1.04,2.53,592.07,141.66,0,6,6,0.124,-0.1765,78,98,0.5200,165655669,0.4332,145.08,17.42,bullish,0,0.89,,Scaled profit Tier 4: +141.7% profit target reached — CLOSING,Friday,16,4,416.00
2026-04-17T16:58:39.820599,OPEN,XOM,bull_call_spread,bearish,1.04,1.04,0,0,0,6,6,0.124,-0.0182,78,98,0.5200,162436048,0.4304,145.04,0.00,,0,0.89,,,Friday,16,8,832.00
2026-04-17T16:58:42.569174,CLOSE,XOM,bull_call_spread,bearish,1.04,2.53,1186.43,142.33,0,6,6,0.124,-0.1765,78,98,0.5200,162436048,0.4304,145.04,17.40,bullish,0,0.89,,Scaled profit Tier 4: +142.3% profit target reached — CLOSING,Friday,16,8,832.00
2026-04-17T16:59:19.998935,OPEN,XOM,bull_call_spread,bearish,0.95,0.95,0,0,0,6,6,0.124,-0.0182,79,98,0.4750,158274650,0.4307,144.96,0.00,,0,0.81,,,Friday,16,10,950.00
2026-04-17T16:59:22.960103,CLOSE,XOM,bull_call_spread,bearish,0.95,2.44,1482.57,155.66,0,6,6,0.124,-0.1765,79,98,0.4750,158274650,0.4307,144.96,17.39,bullish,0,0.81,,Scaled profit Tier 4: +155.7% profit target reached — CLOSING,Friday,16,10,950.00
2026-04-17T16:59:58.731756,OPEN,XOM,bull_call_spread,bearish,0.90,0.90,0,0,0,6,6,0.124,-0.0182,80,98,0.4500,154332339,0.4314,144.91,0.00,,0,0.77,,,Friday,16,10,900.00
2026-04-17T17:00:02.528651,CLOSE,XOM,bull_call_spread,bearish,0.90,2.41,1506.77,166.82,0,6,6,0.124,-0.1765,80,98,0.4500,154332339,0.4314,144.91,17.40,bullish,0,0.77,,Scaled profit Tier 4: +166.8% profit target reached — CLOSING,Friday,17,10,900.00
2026-04-17T17:00:38.102031,OPEN,XOM,bull_call_spread,bearish,0.94,0.94,0,0,0,6,6,0.124,-0.0182,79,98,0.4700,150371379,0.4283,144.91,0.00,,0,0.80,,,Friday,17,10,940.00
2026-04-17T17:00:44.802420,CLOSE,XOM,bull_call_spread,bearish,0.94,2.39,1447.71,153.64,0,6,6,0.124,-0.1765,79,98,0.4700,150371379,0.4283,144.91,17.39,bullish,0,0.80,,Scaled profit Tier 4: +153.6% profit target reached — CLOSING,Friday,17,10,940.00
2026-04-17T17:01:10.717311,OPEN,XOM,bull_call_spread,bearish,0.94,0.94,0,0,0,6,6,0.124,-0.0182,79,98,0.4700,147141885,0.4213,144.81,0.00,,0,0.80,,,Friday,17,10,940.00
2026-04-17T17:01:16.317370,CLOSE,XOM,bull_call_spread,bearish,0.94,2.38,1444.06,153.47,0,6,6,0.124,-0.1765,79,98,0.4700,147141885,0.4213,144.81,17.41,bullish,0,0.80,,Scaled profit Tier 4: +153.5% profit target reached — CLOSING,Friday,17,10,940.00
2026-04-17T17:01:41.801900,OPEN,XOM,bull_call_spread,bearish,0.95,0.95,0,0,0,6,6,0.124,-0.0182,78,98,0.4750,144070211,0.4185,144.78,0.00,,0,0.81,,,Friday,17,10,950.00
2026-04-17T17:01:47.584586,CLOSE,XOM,bull_call_spread,bearish,0.95,2.38,1427.11,149.77,0,6,6,0.124,-0.1765,78,98,0.4750,144070211,0.4185,144.78,17.40,bullish,0,0.81,,Scaled profit Tier 4: +149.8% profit target reached — CLOSING,Friday,17,10,950.00
2026-04-17T17:02:16.135965,OPEN,XOM,bull_call_spread,bearish,0.96,0.96,0,0,0,6,6,0.124,-0.0182,78,98,0.4800,140643452,0.4168,144.76,0.00,,0,0.82,,,Friday,17,10,960.00
2026-04-17T17:02:23.331412,CLOSE,XOM,bull_call_spread,bearish,0.96,2.38,1419.65,147.83,0,6,6,0.124,-0.1765,78,98,0.4800,140643452,0.4168,144.76,17.40,bullish,0,0.82,,Scaled profit Tier 4: +147.8% profit target reached — CLOSING,Friday,17,10,960.00
2026-04-17T17:02:52.872986,OPEN,XOM,bull_call_spread,bearish,0.96,0.96,0,0,0,6,6,0.124,-0.0182,78,98,0.4800,136749241,0.4161,144.75,0.00,,0,0.82,,,Friday,17,10,960.00
2026-04-17T17:02:57.856070,CLOSE,XOM,bull_call_spread,bearish,0.96,2.38,1418.46,147.52,0,6,6,0.124,-0.1765,78,98,0.4800,136749241,0.4161,144.75,17.40,bullish,0,0.82,,Scaled profit Tier 4: +147.5% profit target reached — CLOSING,Friday,17,10,960.00
2026-04-17T17:03:35.786141,OPEN,XOM,bull_call_spread,bearish,0.96,0.96,0,0,0,6,6,0.124,-0.0182,78,98,0.4800,132343669,0.4206,144.82,0.00,,0,0.82,,,Friday,17,10,960.00
2026-04-17T17:03:46.837365,CLOSE,XOM,bull_call_spread,bearish,0.96,2.38,1419.56,147.80,0,6,6,0.124,-0.1765,78,98,0.4800,132343669,0.4206,144.82,17.39,bullish,0,0.82,,Scaled profit Tier 4: +147.8% profit target reached — CLOSING,Friday,17,10,960.00
2026-04-17T17:04:12.245127,OPEN,XOM,bull_call_spread,bearish,0.94,0.94,0,0,0,6,6,0.124,-0.0182,79,98,0.4700,128799363,0.4276,144.90,0.00,,0,0.80,,,Friday,17,10,940.00
2026-04-17T17:04:19.121265,CLOSE,XOM,bull_call_spread,bearish,0.94,2.38,1439.08,152.94,0,6,6,0.124,-0.1765,79,98,0.4700,128799363,0.4276,144.90,17.39,bullish,0,0.80,,Scaled profit Tier 4: +152.9% profit target reached — CLOSING,Friday,17,10,940.00
2026-04-17T17:04:47.131778,OPEN,XOM,bull_call_spread,bearish,0.97,0.97,0,0,0,6,6,0.124,-0.0182,78,98,0.4850,125330873,0.4224,144.85,0.00,,0,0.83,,,Friday,17,10,970.00
2026-04-17T17:04:50.871040,CLOSE,XOM,bull_call_spread,bearish,0.97,2.38,1412.80,145.32,0,6,6,0.124,-0.1765,78,98,0.4850,125330873,0.4224,144.85,17.40,bullish,0,0.83,,Scaled profit Tier 4: +145.3% profit target reached — CLOSING,Friday,17,10,970.00
2026-04-17T17:05:17.473320,OPEN,XOM,bull_call_spread,bearish,0.97,0.97,0,0,0,6,6,0.124,-0.0182,78,98,0.4850,122116914,0.4222,144.85,0.00,,0,0.83,,,Friday,17,10,970.00
2026-04-17T17:05:21.033938,CLOSE,XOM,bull_call_spread,bearish,0.97,2.38,1413.25,145.43,0,6,6,0.124,-0.1765,78,98,0.4850,122116914,0.4222,144.85,17.40,bullish,0,0.83,,Scaled profit Tier 4: +145.4% profit target reached — CLOSING,Friday,17,10,970.00
2026-04-17T17:05:47.009811,OPEN,XOM,bull_call_spread,bearish,1.07,1.07,0,0,0,6,6,0.124,-0.0182,77,98,0.5350,119089297,0.4214,144.94,0.00,,0,0.91,,,Friday,17,10,1070.00
2026-04-17T17:05:49.249894,CLOSE,XOM,bull_call_spread,bearish,1.07,2.46,1388.01,129.48,0,6,6,0.124,-0.1765,77,98,0.5350,119089297,0.4214,144.94,17.40,bullish,0,0.91,,Scaled profit Tier 4: +129.5% profit target reached — CLOSING,Friday,17,10,1070.00
2026-04-17T17:06:33.708077,OPEN,XOM,bull_call_spread,bearish,1.07,1.07,0,0,0,6,6,0.124,-0.0182,77,98,0.5350,114420981,0.4193,144.91,0.00,,0,0.91,,,Friday,17,10,1070.00
2026-04-17T17:06:38.769439,CLOSE,XOM,bull_call_spread,bearish,1.07,2.46,1386.39,129.13,0,6,6,0.124,-0.1765,77,98,0.5350,114420981,0.4193,144.91,17.40,bullish,0,0.91,,Scaled profit Tier 4: +129.1% profit target reached — CLOSING,Friday,17,10,1070.00
2026-04-17T17:07:19.272225,OPEN,XOM,bull_call_spread,bearish,0.96,0.96,0,0,0,6,6,0.124,-0.0182,78,98,0.4800,110036376,0.4237,144.87,0.00,,0,0.82,,,Friday,17,10,960.00
2026-04-17T17:07:21.108933,CLOSE,XOM,bull_call_spread,bearish,0.96,2.38,1412.13,146.66,0,6,6,0.124,-0.1765,78,98,0.4800,110036376,0.4237,144.87,17.40,bullish,0,0.82,,Scaled profit Tier 4: +146.7% profit target reached — CLOSING,Friday,17,10,960.00
2026-04-17T17:07:59.528703,OPEN,XOM,bull_call_spread,bearish,0.99,0.99,0,0,0,6,6,0.124,-0.0182,78,98,0.4950,105886343,0.4248,144.91,0.00,,0,0.84,,,Friday,17,10,990.00
2026-04-17T17:08:07.542631,CLOSE,XOM,bull_call_spread,bearish,0.99,2.41,1414.67,142.85,0,6,6,0.124,-0.1765,78,98,0.4950,105886343,0.4248,144.91,17.40,bullish,0,0.84,,Scaled profit Tier 4: +142.8% profit target reached — CLOSING,Friday,17,10,990.00
2026-04-17T17:08:31.708488,OPEN,XOM,bull_call_spread,bearish,1.01,1.01,0,0,0,6,6,0.124,-0.0182,78,98,0.5050,102537448,0.4262,144.95,0.00,,0,0.86,,,Friday,17,10,1010.00
2026-04-17T17:08:35.310672,CLOSE,XOM,bull_call_spread,bearish,1.01,2.43,1419.91,140.57,0,6,6,0.124,-0.1765,78,98,0.5050,102537448,0.4262,144.95,17.40,bullish,0,0.86,,Scaled profit Tier 4: +140.6% profit target reached — CLOSING,Friday,17,10,1010.00
2026-04-17T17:09:15.060571,OPEN,XOM,bull_call_spread,bearish,1.03,1.03,0,0,0,6,6,0.124,-0.0182,78,98,0.5150,98182492,0.4283,145.00,0.00,,0,0.88,,,Friday,17,10,1030.00
2026-04-17T17:09:18.492259,CLOSE,XOM,bull_call_spread,bearish,1.03,2.44,1409.91,136.87,0,6,6,0.124,-0.1765,78,98,0.5150,98182492,0.4283,145.00,17.45,bullish,0,0.88,,Scaled profit Tier 4: +136.9% profit target reached — CLOSING,Friday,17,10,1030.00
2026-04-17T17:10:34.659821,OPEN,XOM,bull_call_spread,bearish,1.14,1.14,0,0,0,6,6,0.124,-0.0182,76,99,0.5700,90088543,0.4186,144.97,0.00,,0,0.97,,,Friday,17,10,1140.00
2026-04-17T17:10:36.819981,CLOSE,XOM,bull_call_spread,bearish,1.14,2.50,1363.80,119.51,0,6,6,0.124,-0.1765,76,99,0.5700,90088543,0.4186,144.97,17.38,bullish,0,0.97,,Scaled profit Tier 4: +119.5% profit target reached — CLOSING,Friday,17,10,1140.00
2026-04-17T17:11:16.515557,OPEN,XOM,bull_call_spread,bearish,1.13,1.13,0,0,0,6,6,0.124,-0.0182,76,99,0.5650,85903013,0.4284,145.10,0.00,,0,0.96,,,Friday,17,10,1130.00
2026-04-17T17:11:18.643639,CLOSE,XOM,bull_call_spread,bearish,1.13,2.51,1383.13,122.20,0,6,6,0.124,-0.1765,76,99,0.5650,85903013,0.4284,145.10,17.40,bullish,0,0.96,,Scaled profit Tier 4: +122.2% profit target reached — CLOSING,Friday,17,10,1130.00
2026-04-17T17:11:55.818518,OPEN,XOM,bull_call_spread,bearish,1.11,1.11,0,0,0,6,6,0.124,-0.0182,76,99,0.5550,81902619,0.4277,145.07,0.00,,0,0.94,,,Friday,17,10,1110.00
2026-04-17T17:11:59.906768,CLOSE,XOM,bull_call_spread,bearish,1.11,2.52,1414.29,127.33,0,6,6,0.124,-0.1765,76,99,0.5550,81902619,0.4277,145.07,17.44,bullish,0,0.94,,Scaled profit Tier 4: +127.3% profit target reached — CLOSING,Friday,17,10,1110.00
2026-04-17T17:12:26.975365,OPEN,XOM,bull_call_spread,bearish,1.11,1.11,0,0,0,6,6,0.124,-0.0182,76,99,0.5550,78823613,0.4277,145.07,0.00,,0,0.94,,,Friday,17,10,1110.00
2026-04-17T17:12:33.830263,CLOSE,XOM,bull_call_spread,bearish,1.11,2.52,1414.57,127.39,0,6,6,0.124,-0.1765,76,99,0.5550,78823613,0.4277,145.07,17.45,bullish,0,0.94,,Scaled profit Tier 4: +127.4% profit target reached — CLOSING,Friday,17,10,1110.00
2026-04-17T17:13:01.709245,OPEN,XOM,bull_call_spread,bearish,1.11,1.11,0,0,0,6,6,0.124,-0.0182,76,99,0.5550,75304773,0.4221,144.99,0.00,,0,0.94,,,Friday,17,10,1110.00
2026-04-17T17:13:10.971560,CLOSE,XOM,bull_call_spread,bearish,1.11,2.52,1413.78,127.23,0,6,6,0.124,-0.1765,76,99,0.5550,75304773,0.4221,144.99,17.45,bullish,0,0.94,,Scaled profit Tier 4: +127.2% profit target reached — CLOSING,Friday,17,10,1110.00
2026-04-17T17:13:37.535117,OPEN,XOM,bull_call_spread,bearish,1.11,1.11,0,0,0,6,6,0.124,-0.0182,76,99,0.5550,71611505,0.4263,145.05,0.00,,0,0.95,,,Friday,17,10,1110.00
2026-04-17T17:13:40.371148,CLOSE,XOM,bull_call_spread,bearish,1.11,2.52,1413.09,127.09,0,6,6,0.124,-0.1765,76,99,0.5550,71611505,0.4263,145.05,17.43,bullish,0,0.95,,Scaled profit Tier 4: +127.1% profit target reached — CLOSING,Friday,17,10,1110.00
2026-04-17T17:14:21.440388,OPEN,XOM,bull_call_spread,bearish,1.09,1.09,0,0,0,6,6,0.124,-0.0182,77,99,0.5450,67375010,0.4311,145.10,0.00,,0,0.93,,,Friday,17,10,1090.00
2026-04-17T17:14:25.416642,CLOSE,XOM,bull_call_spread,bearish,1.09,2.53,1437.97,131.68,0,6,6,0.124,-0.1765,77,99,0.5450,67375010,0.4311,145.10,17.43,bullish,0,0.93,,Scaled profit Tier 4: +131.7% profit target reached — CLOSING,Friday,17,10,1090.00
2026-04-17T17:14:49.851900,OPEN,XOM,bull_call_spread,bearish,1.09,1.09,0,0,0,6,6,0.124,-0.0182,77,99,0.5450,64261634,0.4290,145.07,0.00,,0,0.93,,,Friday,17,10,1090.00
2026-04-17T17:14:54.365534,CLOSE,XOM,bull_call_spread,bearish,1.09,2.53,1438.26,131.74,0,6,6,0.124,-0.1765,77,99,0.5450,64261634,0.4290,145.07,17.41,bullish,0,0.93,,Scaled profit Tier 4: +131.7% profit target reached — CLOSING,Friday,17,10,1090.00
2026-04-17T17:15:22.011002,OPEN,XOM,bull_call_spread,bearish,1.07,1.07,0,0,0,6,6,0.124,-0.0182,77,99,0.5350,61051126,0.4332,145.11,0.00,,0,0.91,,,Friday,17,10,1070.00
2026-04-17T17:15:26.948215,CLOSE,XOM,bull_call_spread,bearish,1.07,2.52,1453.01,135.54,0,6,6,0.124,-0.1765,77,99,0.5350,61051126,0.4332,145.11,17.39,bullish,0,0.91,,Scaled profit Tier 4: +135.5% profit target reached — CLOSING,Friday,17,10,1070.00
2026-04-17T17:15:52.894843,OPEN,XOM,bull_call_spread,bearish,1.07,1.07,0,0,0,6,6,0.124,-0.0182,77,99,0.5350,57885517,0.4360,145.15,0.00,,0,0.91,,,Friday,17,10,1070.00
2026-04-17T17:15:59.214396,CLOSE,XOM,bull_call_spread,bearish,1.07,2.52,1450.37,134.97,0,6,6,0.124,-0.1765,77,99,0.5350,57885517,0.4360,145.15,17.40,bullish,0,0.91,,Scaled profit Tier 4: +135.0% profit target reached — CLOSING,Friday,17,10,1070.00
2026-04-17T17:16:26.126245,OPEN,XOM,bull_call_spread,bearish,1.07,1.07,0,0,0,6,6,0.124,-0.0182,77,99,0.5350,54591610,0.4350,145.14,0.00,,0,0.91,,,Friday,17,10,1070.00
2026-04-17T17:16:29.319215,CLOSE,XOM,bull_call_spread,bearish,1.07,2.52,1451.26,135.16,0,6,6,0.124,-0.1765,77,99,0.5350,54591610,0.4350,145.14,17.40,bullish,0,0.91,,Scaled profit Tier 4: +135.2% profit target reached — CLOSING,Friday,17,10,1070.00
2026-04-17T17:16:55.900106,OPEN,NVDA,bull_put_spread,bullish,0.58,0.58,0,0,0,4,4,-0.101,0.0253,92,100,0.2320,1332785,0.6910,200.44,0.00,,0,-1.45,,,Friday,17,10,1920.00
2026-04-17T19:51:02.504116,CLOSE,DIA,bull_call_spread,bearish,3.48,3.48,0,0,366,7,6,0.000,,0,0,0.4971,0,0.0000,0.00,0.00,,0,2.96,,Position removed: 5 failed close attempts — likely settled on Tradier,Friday,19,1,352.00
2026-04-20T13:16:02.814813,CLOSE,GLD,bull_put_spread,bullish,0.92,1.78,-86.02,-93.52,4132,4,1,-0.123,0.0442,100,100,0.2300,7472617,0.6364,447.37,17.45,bullish,0,-2.30,,Credit 1-DTE exit: 1 DTE with -93.5% — closing to avoid assignment/gamma risk,Monday,13,1,308.00
2026-04-20T13:16:02.895285,CLOSE,AVGO,bull_put_spread,bullish,1.11,1.65,-108.28,-48.83,4099,4,1,-0.099,0.0609,90,91,0.2220,8960753,0.6414,403.28,17.47,bullish,0,-2.77,,Credit 1-DTE exit: 1 DTE with -48.8% — closing to avoid assignment/gamma risk,Monday,13,2,778.00
2026-04-20T13:16:02.953903,CLOSE,NVDA,bull_put_spread,bullish,0.58,0.50,79.07,13.65,4079,4,1,-0.101,0.0267,92,100,0.2320,1332785,0.6910,200.44,17.40,bullish,0,-1.45,,Credit 1-DTE exit: 1 DTE with +13.7% — closing to avoid assignment/gamma risk,Monday,13,10,1920.00
2026-04-20T13:45:10.634754,OPEN,META,bull_put_spread,bullish,1.55,1.55,0,0,0,6,6,-0.059,0.0572,65,99,0.2067,47142880,0.6400,676.60,0.00,,0,-3.87,,,Monday,13,10,5950.00
2026-04-20T14:03:01.819292,OPEN,AVGO,bull_put_spread,bullish,1.00,1.00,0,0,0,6,6,-0.059,0.0432,66,100,0.2000,4864399,0.6625,401.31,0.00,,0,-2.50,,,Monday,14,10,4000.00
2026-04-20T14:42:15.785472,OPEN,QQQ,bull_call_spread,bearish,4.42,4.42,0,0,0,6,6,0.234,-0.0882,61,96,0.4400,1061543212,0.3900,645.64,0.00,,0,3.76,,,Monday,14,10,4400.00
2026-04-20T14:42:16.293564,CLOSE,QQQ,bull_call_spread,bearish,4.42,6.94,2520.51,57.03,0,6,6,0.234,-0.5022,61,96,0.4400,1061543212,0.3900,645.64,19.38,bullish,0,3.76,,Scaled profit Tier 4: +57.0% profit target reached — CLOSING,Monday,14,10,4400.00
2026-04-20T14:53:08.055747,OPEN,NVDA,bull_put_spread,bullish,1.02,1.02,0,0,0,6,6,-0.118,0.0367,67,90,0.2040,62605734,0.6780,198.78,0.00,,0,-2.55,,,Monday,14,10,3980.00
2026-04-20T15:25:33.054840,OPEN,AAPL,bull_put_spread,bullish,0.75,0.75,0,0,0,6,6,-0.093,0.0173,88,98,0.2120,18554629,0.6271,272.71,0.00,,0,-1.88,,,Monday,15,1,197.00
2026-04-20T15:58:01.642093,CLOSE,COIN,bull_put_spread,bullish,0.55,0.00,164.81,100.00,4347,6,3,-0.035,0.0297,94,98,0.2200,4207231,0.7101,211.30,16.96,bullish,0,-1.37,,Take profit (DTE=3): close=$0.00 <= $0.19 (65% captured),Monday,15,3,585.00
2026-04-20T15:58:19.043284,CLOSE,NVDA,bull_put_spread,bullish,1.02,0.00,1019.71,100.00,65,6,6,-0.118,0.0345,67,90,0.2040,62605734,0.6780,198.78,19.41,bullish,0,-2.55,,Extended take profit (DTE=6): close=$0.00 <= $0.25 (75% captured),Monday,15,10,3980.00
2026-04-20T15:58:40.697246,CLOSE,META,bull_put_spread,bullish,1.55,0.00,1547.63,100.00,134,6,6,-0.059,0.0363,65,99,0.2067,47142880,0.6400,676.60,18.92,bullish,0,-3.87,,Extended take profit (DTE=6): close=$0.00 <= $0.39 (75% captured),Monday,15,10,5950.00
2026-04-20T15:59:26.037137,CLOSE,DIA,bull_put_spread,bullish,1.07,0.00,106.59,100.00,4354,6,3,-0.149,0.0065,100,100,0.2140,3103626,0.6084,495.06,16.96,bullish,0,-2.66,,Take profit (DTE=3): close=$0.00 <= $0.37 (65% captured),Monday,15,1,393.00
2026-04-20T15:59:26.112692,CLOSE,AVGO,bull_put_spread,bullish,1.00,0.00,998.11,100.00,116,6,6,-0.059,0.0444,66,100,0.2000,4864399,0.6625,401.31,18.90,bullish,0,-2.50,,Extended take profit (DTE=6): close=$0.00 <= $0.25 (75% captured),Monday,15,10,4000.00
2026-04-20T16:57:53.894618,OPEN,GLD,bull_call_spread,bearish,3.32,3.32,0,0,0,6,6,0.189,-0.0606,66,100,0.4729,1224464261,0.4162,441.30,0.00,,0,2.82,,,Monday,16,10,3310.00
2026-04-20T16:57:54.005730,CLOSE,GLD,bull_call_spread,bearish,3.32,6.03,2708.07,81.64,0,6,6,0.189,-0.4341,66,100,0.4729,1224464261,0.4162,441.30,19.14,bullish,0,2.82,,Scaled profit Tier 4: +81.6% profit target reached — CLOSING,Monday,16,10,3310.00
2026-04-20T16:58:25.966057,OPEN,GLD,bull_put_spread,bullish,0.96,0.96,0,0,0,6,6,-0.092,0.0206,65,100,0.2400,1201720829,0.6207,441.22,0.00,,0,-2.39,,,Monday,16,10,3040.00
2026-04-20T17:06:06.236693,OPEN,LLY,bull_call_spread,bearish,4.41,4.41,0,0,0,3,3,0.076,-0.0258,64,100,0.5867,20049386,0.4332,926.35,0.00,,0,3.75,,,Monday,17,10,4400.00
2026-04-20T17:06:06.470791,CLOSE,LLY,bull_call_spread,bearish,4.41,15.28,10862.57,246.18,0,3,3,0.076,-1.9704,64,100,0.5867,20049386,0.4332,926.35,19.16,bullish,0,3.75,,Scaled profit Tier 4: +246.2% profit target reached — CLOSING,Monday,17,10,4400.00
2026-04-20T17:06:38.539242,OPEN,LLY,bull_put_spread,bullish,1.55,1.55,0,0,0,3,3,-0.069,0.1060,64,100,0.2067,19671529,0.6049,926.67,0.00,,0,-3.87,,,Monday,17,10,5950.00
2026-04-20T17:30:32.251799,CLOSE,SNOW,bull_put_spread,bullish,0.61,0.29,32.00,52.46,7109,4,3,0.000,0.0682,0,0,0.2033,0,0.0000,0.00,0.00,,0,-1.53,,Take profit hit: close=$0.30 <= $0.31 (50% of credit),Monday,17,1,239.00
2026-04-20T18:12:52.947319,CLOSE,DIA,bull_call_spread,bearish,3.48,3.48,0,0,4588,4,3,0.000,,0,0,0.4971,0,0.0000,0.00,0.00,,0,2.96,,closed/expired on Tradier (recon),Monday,18,1,352.00
2026-04-20T18:13:17.059224,OPEN,AVGO,bull_call_spread,bearish,2.26,2.26,0,0,0,6,6,0.087,-0.0158,87,100,0.5900,62855639,0.4226,396.55,0.00,,0,1.92,,,Monday,18,1,295.00
2026-04-20T18:30:01.103062,OPEN,WMT,bull_put_spread,bullish,0.53,0.53,0,0,0,3,3,-0.162,0.0406,89,100,0.2550,29549066,0.6288,128.08,0.00,,0,-1.33,,,Monday,18,1,149.00
2026-04-20T19:50:56.193302,CLOSE,AVGO,bull_call_spread,bearish,2.26,2.26,0,0,98,6,6,0.087,-0.0158,87,100,0.5900,62855639,0.4226,396.55,19.05,bullish,0,1.92,,Position removed: 5 failed close attempts — likely settled on Tradier,Monday,19,1,295.00
2026-04-21T13:45:26.335654,OPEN,META,bull_put_spread,bullish,1.80,1.80,0,0,0,5,5,-0.086,0.0379,67,96,0.2400,2484395,0.6811,674.11,0.00,,0,-4.50,,,Tuesday,13,10,5700.00
2026-04-21T13:54:40.657528,OPEN,JNJ,bull_call_spread,bearish,1.11,1.11,0,0,0,9,9,0.100,0.0029,83,100,0.6440,21134453,0.4025,226.86,0.00,,0,0.94,,,Tuesday,13,1,161.00
2026-04-21T14:11:35.933177,CLOSE,ORCL,bull_put_spread,bullish,0.64,0.30,34.00,53.13,7092,4,2,0.000,0.0609,0,0,0.2560,0,0.0000,0.00,0.00,,0,-1.60,,Take profit hit: close=$0.31 <= $0.32 (50% of credit),Tuesday,14,1,186.00
2026-04-21T15:18:34.628542,OPEN,GLD,bull_put_spread,bullish,1.09,1.09,0,0,0,5,5,-0.099,0.0100,89,90,0.2150,18810471,0.6388,436.17,0.00,,0,-2.73,,,Tuesday,15,1,314.00
2026-04-21T16:09:50.649718,OPEN,ORCL,bull_call_spread,bearish,1.41,1.41,0,0,0,9,9,0.051,-0.0036,64,97,0.5600,40203650,0.4498,184.78,0.00,,0,1.19,,,Tuesday,16,10,1400.00
2026-04-21T16:09:51.050993,CLOSE,ORCL,bull_call_spread,bearish,1.41,7.67,6269.59,446.10,0,9,9,0.051,-0.3800,64,97,0.5600,40203650,0.4498,184.78,19.75,bullish,0,1.19,,Scaled profit Tier 4: +446.1% profit target reached — CLOSING,Tuesday,16,10,1400.00
2026-04-21T16:14:14.851831,OPEN,ORCL,bull_put_spread,bullish,0.50,0.50,0,0,0,9,9,-0.042,0.0245,68,99,0.2000,39312200,0.7312,183.83,0.00,,0,-1.25,,,Tuesday,16,10,2000.00
2026-04-21T18:06:14.105018,OPEN,AAPL,bull_call_spread,bearish,1.92,1.92,0,0,0,5,5,0.208,-0.0581,61,98,0.3840,25766949,0.3614,266.52,0.00,,0,1.63,,,Tuesday,18,10,1920.00
2026-04-21T18:06:14.579280,CLOSE,AAPL,bull_call_spread,bearish,1.92,3.07,1147.09,59.65,0,5,5,0.208,-0.2888,61,98,0.3840,25766949,0.3614,266.52,19.78,bullish,0,1.63,,Scaled profit Tier 4: +59.7% profit target reached — CLOSING,Tuesday,18,10,1920.00
2026-04-21T19:13:28.392134,CLOSE,WMT,bull_put_spread,bullish,0.53,0.26,27.00,50.94,1483,3,2,-0.162,0.0644,89,100,0.2550,29549066,0.6288,128.08,18.99,bullish,0,-1.33,,Take profit hit: close=$0.26 <= $0.27 (50% of credit),Tuesday,19,1,149.00
2026-04-21T19:19:52.793485,OPEN,NVDA,bull_put_spread,bullish,0.66,0.66,0,0,0,5,5,-0.103,0.0165,90,90,0.2640,25206878,0.6554,200.56,0.00,,0,-1.65,,,Tuesday,19,1,184.00
2026-04-21T19:51:02.095305,CLOSE,JNJ,bull_call_spread,bearish,1.11,1.11,0,0,356,9,9,0.100,0.0029,83,100,0.6440,21134453,0.4025,226.86,19.05,bullish,0,0.94,,Position removed: 5 failed close attempts — likely settled on Tradier,Tuesday,19,1,161.00
2026-04-23T13:43:07.726220,CLOSE,NVDA,bull_put_spread,bullish,0.66,0.35,31.00,46.97,2543,5,3,0.000,0.0429,0,0,0.2640,0,0.0000,0.00,0.00,,0,-1.65,,Take profit hit: close=$0.33 <= $0.33 (50% of credit),Thursday,13,1,184.00
2026-04-23T13:49:11.879300,OPEN,NVDA,bull_put_spread,bullish,0.66,0.66,0,0,0,5,5,-0.089,0.0174,90,93,0.2640,21651970,0.6628,203.56,0.00,,0,-1.65,,,Thursday,13,1,184.00
2026-04-23T15:31:42.286435,CLOSE,AAPL,bull_put_spread,bullish,0.75,0.40,35.00,46.67,4326,5,3,0.000,0.0352,0,0,0.3000,0,0.0000,0.00,0.00,,0,-1.87,,Take profit hit: close=$0.37 <= $0.37 (50% of credit),Thursday,15,1,175.00
2026-04-23T15:46:40.706544,OPEN,COIN,bull_put_spread,bullish,0.50,0.50,0,0,0,7,7,-0.037,0.0363,93,90,0.2000,7952019,0.7087,201.62,0.00,,0,-1.25,,,Thursday,15,1,200.00
2026-04-24T14:59:01.517223,CLOSE,NVDA,bull_put_spread,bullish,0.66,0.35,31.00,46.97,1510,5,4,-0.089,0.0203,90,93,0.2640,21651970,0.6628,203.56,19.27,bullish,0,-1.65,,Take profit hit: close=$0.32 <= $0.33 (50% of credit),Friday,14,1,184.00
2026-04-24T15:33:41.654911,OPEN,WMT,bull_put_spread,bullish,0.51,0.51,0,0,0,6,6,-0.113,0.0186,87,100,0.2500,11380207,0.6003,130.08,0.00,,0,-1.27,,,Friday,15,1,150.00
2026-04-27T13:32:57.268597,CLOSE,GLD,bull_put_spread,bullish,1.09,1.09,0.50,0.46,8534,3,-1,0.000,0.0527,0,0,0.2725,0,0.0000,0.00,0.00,,0,-2.72,,Position removed: expired (DTE=-1) — likely settled on Tradier,Monday,13,1,291.00
2026-04-27T14:19:17.777063,OPEN,GLD,bull_put_spread,bullish,0.96,0.96,0,0,0,6,6,-0.090,0.0248,87,96,0.2375,4120652,0.6649,431.12,0.00,,0,-2.40,,,Monday,14,1,305.00
2026-04-27T16:04:34.605394,CLOSE,COIN,bull_put_spread,bullish,0.50,0.83,-32.50,-65.00,5778,7,3,0.000,0.0358,0,0,0.2000,0,0.0000,0.00,0.00,,0,-1.25,,closed/expired on Tradier (recon),Monday,16,1,200.00
2026-04-27T16:04:34.723485,CLOSE,JNJ,bull_call_spread,bearish,1.11,1.11,0,0,8770,7,6,0.000,,0,0,0.4440,0,0.0000,0.00,0.00,,0,0.94,,closed/expired on Tradier (recon),Monday,16,1,139.00
2026-04-27T16:04:34.743450,CLOSE,GLD,bull_put_spread,bullish,0.96,1.38,-41.50,-43.23,105,6,6,-0.090,0.0248,87,96,0.2375,4120652,0.6649,431.12,18.87,bullish,0,-2.40,,closed/expired on Tradier (recon),Monday,16,1,305.00
2026-04-27T16:08:12.341702,OPEN,NVDA,bull_put_spread,bullish,0.61,0.61,0,0,0,6,6,-0.074,0.0288,89,91,0.2320,61051634,0.7106,211.22,0.00,,0,-1.52,,,Monday,16,1,192.00
2026-04-27T16:53:25.852654,OPEN,JNJ,bull_call_spread,bearish,1.46,1.46,0,0,0,3,3,0.135,0.0044,84,100,0.5880,25232951,0.4248,225.62,0.00,,0,1.24,,,Monday,16,1,147.00
2026-04-27T18:28:48.621057,OPEN,PLTR,bull_put_spread,bullish,0.54,0.54,0,0,0,3,3,-0.065,0.0223,91,97,0.2650,5289380,0.7413,142.96,0.00,,0,-1.35,,,Monday,18,1,147.00
2026-04-28T18:42:31.454974,CLOSE,WMT,bull_put_spread,bullish,0.51,1.25,-73.50,-144.12,5949,7,2,0.000,-0.0250,0,0,0.2550,0,0.0000,0.00,0.00,,0,-1.27,,closed/expired on Tradier (recon),Tuesday,18,1,149.00
2026-04-29T17:12:46.722459,OPEN,WFC,bull_put_spread,bullish,0.58,0.58,0,0,0,8,8,-0.175,0.0185,86,100,0.2800,10749010,0.6208,81.19,0.00,,0,-1.45,,,Wednesday,17,1,144.00
2026-04-29T17:19:56.141470,CLOSE,PLTR,bull_put_spread,bullish,0.54,1.12,-58.50,-108.33,2811,3,1,0.000,-0.0384,0,0,0.2700,0,0.0000,0.00,0.00,,0,-1.35,,closed/expired on Tradier (recon),Wednesday,17,1,146.00
2026-04-29T18:40:49.250371,CLOSE,JNJ,bull_call_spread,bearish,1.46,-1.63,-309.00,-211.64,2987,2,1,0.000,,0,0,0.5840,0,0.0000,0.00,0.00,,0,1.24,,Low DTE exit: 1 DTE remaining with only +0.0% — theta acceleration,Wednesday,18,1,104.00
2026-04-29T19:22:53.762874,OPEN,XLV,bull_call_spread,bearish,0.85,0.85,0,0,0,8,8,0.207,-0.0215,85,100,0.4900,18584731,0.3810,142.81,0.00,,0,0.72,,,Wednesday,19,2,196.00
2026-04-29T19:23:39.343681,CLOSE,XLV,bull_call_spread,bearish,0.85,-0.80,-330.00,-194.12,1,8,8,0.207,-0.0215,85,100,0.4900,18584731,0.3810,142.81,18.33,bullish,0,0.72,,"Debit thesis invalidated: bull call, XLV @ $142.80 below long strike $143.00",Wednesday,19,2,196.00
2026-04-29T19:29:08.132574,OPEN,UNH,bull_put_spread,bullish,0.74,0.74,0,0,0,8,8,-0.058,0.0124,86,100,0.2000,3100729,0.6171,369.48,0.00,,0,-1.85,,,Wednesday,19,1,200.00
2026-05-01T14:00:19.384560,CLOSE,WFC,bull_put_spread,bullish,0.58,0.32,26.00,44.83,2688,9,6,0.000,0.0188,0,0,0.2900,0,0.0000,0.00,0.00,,0,-1.45,,Take profit hit: close=$0.27 <= $0.29 (50% of credit),Friday,14,1,142.00
2026-05-01T15:04:24.297892,OPEN,JNJ,bull_call_spread,bearish,1.12,1.12,0,0,0,6,6,0.146,-0.0207,76,100,0.4480,60444592,0.3788,228.97,0.00,,0,0.95,,,Friday,15,1,112.00
2026-05-04T19:30:45.472936,CLOSE,NVDA,bull_put_spread,bullish,0.61,2.52,-191.50,-313.93,10283,1,-1,0.000,,0,0,0.2440,0,0.0000,0.00,0.00,,0,-1.53,,Position removed: expired (DTE=-1) — likely settled on Tradier,Monday,19,1,189.00
2026-05-06T13:32:50.035300,CLOSE,UNH,bull_put_spread,bullish,0.74,1.51,-77.00,-104.05,9724,4,1,0.000,-0.0264,0,0,0.2960,0,0.0000,0.00,0.00,,0,-1.85,,Credit 1-DTE exit: 1 DTE with -85.8% — closing to avoid assignment/gamma risk,Wednesday,13,1,176.00
