date,idx_put_share_am,idx_put_ask_prem_am,idx_put_sweep_cnt_am,breadth_bear_am,dp_prem_am,dp_idx_sell_share_am,idx_put_share_prior,idx_put_ask_prem_prior,dvix,alert_cnt_am
2025-03-03,0.6789,7.5598,225,0.5915,9.4763,,,,,1741
2025-03-04,0.7717,8.0603,397,0.4375,9.7482,,0.7014,8.6491,,2292
2025-03-05,0.5553,7.7842,213,0.5069,9.7049,,0.634,8.7986,,1628
2025-03-06,0.6376,7.7923,294,0.5932,9.5977,,0.6763,8.6463,-1.85,1636
2025-03-07,0.6323,7.6004,174,0.597,9.5687,,0.6629,8.7153,2.52,1401
2025-03-10,0.6469,7.855,274,0.7015,9.6593,,0.6448,8.6986,-1.98,1667
2025-03-11,0.693,7.7839,259,0.5692,9.7484,,0.6603,8.8167,-1.98,1807
2025-03-12,0.7102,7.4341,136,0.4343,9.3509,,0.6944,9.1087,2.16,2096
2025-03-13,0.7375,7.3739,155,0.5235,9.7492,,0.6729,8.5863,-1.97,1466
2025-03-14,0.7968,8.1334,141,0.4494,9.6596,,0.8272,8.9241,3.3,1851
2025-03-17,0.3425,7.3446,122,0.4407,9.4792,,0.6734,8.61,-2.36,1148
2025-03-18,0.6108,7.6625,248,0.506,9.6272,,0.6225,8.4478,-1.86,1868
2025-03-19,0.5023,7.041,69,0.4234,9.7376,,0.5831,8.4808,0.52,1157
2025-03-20,0.6507,7.2926,119,0.5076,9.6024,,0.502,8.685,-0.81,1273
2025-03-21,0.5155,8.032,197,0.497,10.1192,,0.773,8.5779,0.2,1475
2025-03-24,0.5233,7.9171,150,0.4286,9.7616,,0.5336,8.6117,-0.49,1661
2025-03-25,0.4142,7.4948,85,0.5235,9.7965,,0.3781,8.7143,-0.68,1509
2025-03-26,0.4724,7.3056,159,0.5031,9.7455,,0.5632,8.3761,0.12,1559
2025-03-27,0.5838,7.4363,218,0.5138,9.5425,,0.6335,8.3683,0.35,1612
2025-03-28,0.5833,7.3193,148,0.597,9.7454,,0.646,8.4983,-1.39,1170
2025-03-31,0.8275,8.0144,402,0.52,9.6447,,0.6821,8.5983,2.79,2074
2025-04-01,0.7471,7.741,176,0.4265,9.6854,,0.5004,8.6767,0.46,1113
2025-04-02,0.6901,7.3587,162,0.4173,9.6888,,0.6366,8.5292,-0.41,1358
2025-04-03,0.8511,8.2642,673,0.5517,9.8849,,0.6124,8.4076,0.65,2987
2025-04-04,0.9071,8.578,737,0.6211,9.9134,,0.7127,9.0436,2.2,3763
2025-04-07,0.9045,8.721,473,0.5104,9.8574,,0.7393,9.3313,5.26,3629
2025-04-08,0.6777,8.0732,284,0.5455,9.7449,,0.7629,9.2836,5.26,2334
2025-04-09,0.69,8.1777,373,0.3846,9.6498,,0.7732,9.2974,10.69,2378
2025-04-10,0.697,7.9119,114,0.5094,9.7802,,0.6548,9.27,-14.59,679
2025-04-11,,,0,0.2,9.6361,,0.7404,9.0132,5.44,87
2025-04-14,0.5875,7.7755,60,0.3966,9.6543,,0.5814,8.5631,3.92,547
2025-04-15,0.663,8.0552,41,0.5854,9.4725,,0.5452,8.3799,-10.9,275
2025-04-16,0.7647,7.5028,156,0.6512,9.4687,,0.7285,8.5994,2.06,613
2025-04-17,0.6055,7.3885,38,0.46,9.6846,,0.7286,8.975,2.18,279
2025-04-21,0.6807,7.3497,55,0.4222,9.4182,,0.6113,8.6847,-0.65,360
2025-04-22,0.655,7.3462,47,0.4773,9.7534,,0.7789,8.5906,1.75,453
2025-04-23,0.3837,7.8338,65,0.3803,9.8285,,0.676,8.6268,-2.15,770
2025-04-24,0.6489,7.7839,40,0.2571,9.6549,,0.4981,8.4758,-1.1,220
2025-04-25,0.4545,7.407,37,0.5714,9.4109,,0.7013,8.4487,-1.1,309
2025-04-28,0.3321,6.9123,29,0.4898,9.5787,,0.6199,8.7304,-1.8,432
2025-04-29,0.7194,7.6754,42,0.4,9.5796,,0.5916,8.1761,-0.01,269
2025-04-30,0.6478,7.6104,109,0.4035,9.8545,,0.54,8.2231,-0.4,467
2025-05-01,0.5571,7.5672,59,0.434,9.6942,,0.6256,8.3306,1.06,531
2025-05-02,0.7211,7.4351,51,0.5085,9.6235,,0.4862,8.3085,-1.21,391
2025-05-05,0.5608,7.456,46,0.5,9.4351,,0.5269,8.3694,-0.39,257
2025-05-06,0.747,7.4764,55,0.549,9.6877,,0.6131,8.2712,-0.2,340
2025-05-07,0.6264,7.3075,35,0.3529,9.738,,0.4289,8.3559,0.77,226
2025-05-08,0.5399,6.9816,29,0.5806,9.8339,,0.8328,8.6625,0.62,372
2025-05-09,0.7262,7.3739,28,0.4,9.7494,,0.4474,8.0958,-1.64,395
2025-05-12,0.6973,8.1221,52,0.5208,9.8436,,0.3304,8.1231,-0.21,930
2025-05-13,0.6031,7.5054,45,0.5,9.7061,,0.6701,8.9004,-3.4,569
2025-05-14,0.6721,7.0447,44,0.4154,9.6091,,0.2512,8.3422,1.13,597
2025-05-15,0.7678,7.0394,37,0.3939,9.6859,,0.4714,8.2697,0.07,504
2025-05-16,0.7521,7.456,26,0.4545,9.6314,,0.1797,8.4026,0.5,389
2025-05-19,,,0,,0.0,,0.4914,8.4212,-0.07,0
2025-05-20,0.4536,6.4039,16,0.551,9.6778,,0.4983,7.9462,0.05,383
2025-05-21,0.8053,7.0998,53,0.3878,9.5011,,0.4872,7.818,0.13,286
2025-05-22,0.8641,7.3226,44,0.3571,9.6668,,0.7085,8.3071,0.4,380
2025-05-23,0.8457,7.63,96,0.4219,9.516,,0.7031,8.168,-0.15,445
2025-05-27,0.4476,7.1725,28,0.4627,9.6239,,0.6451,8.158,1.69,414
2025-05-28,0.187,6.309,15,0.5,9.5394,,0.4967,7.9583,-1.14,280
2025-05-29,0.4666,6.9372,22,0.5625,9.918,,0.3947,7.8023,-1.1,492
2025-05-30,0.9762,7.1227,26,0.5962,9.5111,,0.5112,7.8439,0.69,243
2025-06-02,0.5928,6.9527,24,0.4423,9.7918,,0.5448,8.4399,-0.19,323
2025-06-03,0.76,7.6425,27,0.4,9.5954,,0.4752,7.862,0.85,357
2025-06-04,0.6732,7.448,29,0.4286,9.5981,,0.5083,8.1538,-0.86,426
2025-06-05,0.2969,6.9015,29,0.6429,9.5286,,0.5864,7.9261,-0.86,387
2025-06-06,0.2225,7.0105,39,0.5814,9.6563,,0.5383,7.9826,0.98,477
2025-06-09,0.4114,6.4477,6,0.4308,9.6915,,0.572,8.3694,-2.92,418
2025-06-10,0.5299,6.2376,15,0.4762,9.7057,,0.5097,7.8205,-0.26,269
2025-06-11,0.8671,8.1689,27,0.4821,9.6632,,0.6081,7.8455,-0.24,412
2025-06-12,0.7031,6.7558,23,0.451,9.5049,,0.4801,8.3668,2.69,234
2025-06-13,0.6107,7.3605,54,0.375,9.725,,0.5142,8.1173,0.66,377
2025-06-16,0.4471,7.0924,32,0.3333,9.5784,,0.3859,8.2283,-0.3,382
2025-06-17,0.4919,6.7763,23,0.4615,9.4628,,0.3369,7.9828,-1.91,352
2025-06-18,0.8001,7.2546,41,0.4054,9.5818,,0.6777,8.1418,2.28,282
2025-06-20,0.868,6.7475,29,0.4154,10.1969,,0.662,8.2754,-0.72,420
2025-06-23,0.465,7.2579,39,0.5893,9.8031,,0.321,8.1835,0.4,401
2025-06-24,0.653,7.0051,16,0.4483,9.7997,,0.4277,8.0936,0.32,521
2025-06-25,0.3502,6.4402,15,0.5439,9.5699,,0.3459,8.0892,-0.28,563
2025-06-26,0.3479,6.8509,18,0.5352,9.6596,,0.2248,7.9188,-1.05,413
2025-06-27,0.3343,7.3626,11,0.5345,9.3337,,0.3236,8.1594,-1.34,372
2025-06-30,0.6492,7.2552,17,0.5161,9.744,,0.3139,8.403,0.04,411
2025-07-01,0.6639,7.1232,29,0.5303,9.6663,,0.3332,8.9229,-0.15,438
2025-07-02,0.8271,7.6247,32,0.4561,9.5716,,0.7308,8.1619,-0.1,320
2025-07-03,0.5299,7.06,33,0.3971,9.6469,,0.5409,8.4518,2.1,410
2025-07-07,0.646,7.233,33,0.549,9.6438,,0.7026,8.7343,0.0,375
2025-07-08,0.7891,7.3141,31,0.6032,9.6728,,0.6159,8.1972,-2.05,323
2025-07-09,0.6083,7.124,33,0.5833,9.7253,,0.6089,8.014,1.1,416
2025-07-10,0.4729,6.6912,14,0.4667,9.8937,,0.4016,8.0377,-2.74,293
2025-07-11,0.6712,7.3848,36,0.45,9.4931,,0.5774,8.3167,3.92,357
2025-07-14,0.541,7.2279,30,0.4225,9.5257,,0.3628,8.3096,-3.9,397
2025-07-15,0.4083,7.1442,15,0.5231,9.5578,,0.5897,7.7988,2.38,524
2025-07-16,0.4951,7.1458,16,0.4776,9.6536,,0.5597,8.1063,-0.16,377
2025-07-17,0.3966,6.9216,12,0.4928,9.7132,,0.5675,8.1951,2.16,409
2025-07-18,0.1804,6.7422,12,0.6582,9.894,,0.4051,8.0476,0.09,528
2025-07-21,0.67,7.0163,36,0.4634,9.5637,,0.1276,8.1832,-2.39,459
2025-07-22,0.7885,6.9694,31,0.4605,9.6059,,0.4748,7.9852,-0.2,398
2025-07-23,0.3748,7.1606,30,0.5128,9.5159,,0.5007,8.162,-0.06,381
2025-07-24,0.6759,8.1607,20,0.4915,9.5851,,0.5506,8.173,1.2,487
2025-07-25,0.7195,6.6556,8,0.4138,9.6007,,0.528,8.3907,-2.15,273
2025-07-28,0.3733,7.5781,26,0.5439,9.4872,,0.5087,8.2183,0.06,338
2025-07-29,0.3793,7.1531,13,0.4706,9.7609,,0.4703,8.1566,1.4,447
2025-07-30,0.64,6.9217,12,0.4035,9.5492,,0.458,7.9869,-1.55,288
2025-07-31,0.5526,7.2666,14,0.5135,9.6633,,0.294,8.1582,3.37,665
2025-08-01,0.532,7.8215,159,0.5823,9.79,,0.4088,8.2863,-0.7,759
2025-08-04,0.6276,7.2827,43,0.3684,9.6381,,0.6088,8.385,-0.62,381
2025-08-05,0.5124,6.7133,24,0.4154,9.6074,,0.2888,8.4128,0.01,313
2025-08-06,0.4496,7.2806,18,0.6393,9.5311,,0.6182,8.0513,1.16,343
2025-08-07,0.5834,7.1768,29,0.4074,9.7138,,0.2237,7.9718,-3.07,524
2025-08-08,0.8187,7.3434,30,0.4651,9.5343,,0.5659,8.0978,2.74,386
2025-08-11,0.4151,7.0574,16,0.4079,9.7604,,0.5494,8.0418,-0.39,464
2025-08-12,0.3544,6.886,28,0.5278,9.5296,,0.5254,7.9958,-3.7,406
2025-08-13,0.5021,8.1133,28,0.3714,9.8581,,0.3978,8.0118,3.32,603
2025-08-14,0.5126,7.1489,41,0.4722,9.5147,,0.4594,8.4839,1.73,447
2025-08-15,0.6558,6.7201,18,0.5397,9.6826,,0.5545,8.2295,-0.93,444
2025-08-18,0.5673,7.019,13,0.4364,9.2295,,0.3315,8.0238,-0.56,271
2025-08-19,0.5394,6.8377,21,0.6034,9.445,,0.5809,7.8726,-2.79,315
2025-08-20,0.7134,7.4056,75,0.5417,9.5924,,0.2651,8.008,0.93,445
2025-08-21,0.5466,7.1542,36,0.5283,9.4122,,0.7316,8.2765,-0.06,262
2025-08-22,0.4971,7.1431,25,0.537,9.5733,,0.385,8.0003,0.3,268
2025-08-25,0.5136,6.6162,13,0.5091,9.4061,,0.3836,8.0749,-1.5,309
2025-08-26,0.6191,7.0455,35,0.45,9.4217,,0.7512,8.174,4.45,260
2025-08-27,0.5263,7.1042,14,0.4815,9.5113,,0.681,8.3305,0.11,289
2025-08-28,0.6553,6.9196,20,0.4906,10.0296,,0.5192,7.7163,-4.7,423
2025-08-29,0.385,7.2577,40,0.5714,9.7415,,0.3865,8.1512,2.09,380
2025-09-02,0.7275,7.7748,85,0.4819,9.7904,,0.4996,8.1024,-2.0,503
2025-09-03,0.8552,7.0132,30,0.375,9.5595,,0.7162,8.316,2.8,386
2025-09-04,0.381,7.0881,19,0.3425,9.4703,,0.3767,7.8553,-0.25,339
2025-09-05,0.5378,7.1067,33,0.4658,9.7065,,0.6768,8.2646,0.76,655
2025-09-08,0.7556,7.898,21,0.4062,9.821,,0.6191,8.0789,-0.08,582
2025-09-09,0.8724,6.8453,20,0.4127,9.6049,,0.2451,8.2031,-3.78,307
2025-09-10,0.5664,7.2841,28,0.5,9.8256,,0.7376,7.9688,3.11,779
2025-09-11,0.6523,7.1359,26,0.5441,9.6377,,0.4204,8.0883,-1.31,442
2025-09-12,0.8567,7.3914,20,0.4828,9.8563,,0.438,8.1697,2.98,438
2025-09-15,0.7543,7.0383,34,0.4881,9.5769,,0.4409,7.9592,-5.4,757
2025-09-16,0.5861,7.2075,27,0.5844,9.8747,,0.6466,8.3329,-0.08,560
2025-09-17,0.8204,7.4394,69,0.3214,9.8652,,0.2611,8.2666,0.2,434
2025-09-18,0.2436,7.247,35,0.3678,9.7943,,0.5786,8.3826,4.71,707
2025-09-19,0.7999,7.2937,13,0.4494,9.9726,,0.411,8.3386,-3.11,473
2025-09-22,0.7769,7.6184,27,0.6047,9.639,,0.148,8.0832,2.26,624
2025-09-23,0.4864,7.216,15,0.4747,9.7753,,0.5088,8.4897,-1.91,536
2025-09-24,0.8354,8.0806,33,0.5349,9.8234,,0.1412,8.2911,3.6,582
2025-09-25,0.5699,7.7511,99,0.6162,9.6562,,0.534,8.406,0.05,732
2025-09-26,0.3638,7.2345,30,0.4366,9.8389,,0.0864,8.7434,-3.25,424
2025-09-29,0.1773,7.2938,32,0.4268,9.7969,,0.3413,8.0753,-3.25,587
2025-09-30,0.8364,7.3338,34,0.4872,9.7916,,0.4242,8.0194,0.96,415
2025-10-01,0.656,7.0417,30,0.4588,9.778,,0.4731,8.6526,-0.15,472
2025-10-02,0.5465,7.0029,33,0.5152,9.9078,,0.3381,7.8928,0.05,748
2025-10-03,0.514,7.2735,28,0.5435,9.6814,,0.4547,8.0595,0.05,537
2025-10-06,0.6492,7.0307,26,0.5124,9.6504,,0.5806,8.2903,0.55,1464
2025-10-07,0.4407,7.4951,22,0.3918,9.7163,,0.6747,8.038,0.07,583
2025-10-08,0.769,7.5413,36,0.4286,9.8008,,0.6169,8.1587,-1.78,608
2025-10-09,0.68,6.9105,28,0.4364,9.6274,,0.6563,8.2046,1.85,665
2025-10-10,0.7016,6.8312,31,0.3626,9.586,,0.705,8.1518,-0.65,528
2025-10-13,0.6397,7.6122,84,0.5055,9.5744,,0.7118,8.6895,1.6,907
2025-10-14,0.831,7.755,104,0.398,9.7293,,0.095,8.3586,-1.12,789
2025-10-15,0.6909,7.5256,39,0.352,9.7466,,0.6883,8.3797,0.87,703
2025-10-16,0.5408,7.3275,30,0.6224,9.6388,,0.7015,8.227,0.26,513
2025-10-17,0.8728,7.7448,88,0.5,9.7273,,0.6328,8.5331,3.05,679
2025-10-20,0.7985,7.2518,66,0.4239,9.7099,,0.6315,8.6196,-3.23,567
2025-10-21,0.7712,6.7773,22,0.5595,9.5926,,0.5363,8.2461,0.82,479
2025-10-22,0.7167,6.9937,85,0.3721,9.6654,,0.2886,7.7679,-2.54,503
2025-10-23,0.5254,7.0401,27,0.4932,9.8453,,0.6893,8.2141,0.82,524
2025-10-24,0.4581,7.4123,47,0.3977,9.6522,,0.6587,8.0625,1.45,685
2025-10-27,0.3736,7.2848,28,0.3608,9.7641,,0.3988,8.1017,-1.92,728
2025-10-28,0.4267,7.5294,37,0.4824,9.7378,,0.3568,8.0734,-1.16,667
2025-10-29,0.453,7.5223,39,0.4368,9.7747,,0.3682,8.1279,0.36,921
2025-10-30,0.5958,7.4961,73,0.4608,9.8111,,0.6117,8.4345,1.89,973
2025-10-31,0.2184,7.8467,47,0.4824,9.677,,0.5179,8.47,-4.31,799
2025-11-03,0.5404,7.4914,68,0.4881,9.872,,0.4023,8.4258,3.02,774
2025-11-04,0.7248,7.5305,89,0.4712,9.9066,,0.6285,8.2248,0.45,744
2025-11-05,0.6314,7.3898,44,0.4819,9.8156,,0.6055,8.2173,0.87,560
2025-11-06,0.8724,7.7846,60,0.5823,9.8602,,0.562,8.1628,-1.96,572
2025-11-07,0.6677,7.5756,69,0.4796,9.8828,,0.6686,8.6845,0.36,731
2025-11-10,0.3703,7.3673,47,0.4082,9.8079,,0.6022,8.6748,0.97,838
2025-11-11,0.5922,7.0073,23,0.4182,9.8125,,0.4242,8.0033,1.91,322
2025-11-12,0.275,6.997,19,0.5211,9.8237,,0.4733,7.9402,-2.5,490
2025-11-13,0.3422,7.2872,39,0.5584,9.6558,,0.4157,8.0949,-1.0,512
2025-11-14,0.7642,7.8948,127,0.4111,9.9627,,0.7415,8.445,2.2,815
2025-11-17,0.5275,6.8489,27,0.4697,10.0221,,0.7169,8.4991,-0.28,518
2025-11-18,0.8516,7.9797,108,0.5781,9.9322,,0.6605,8.2721,0.93,564
2025-11-19,0.8323,8.499,134,0.4407,9.7132,,0.7076,8.7583,2.74,596
2025-11-20,0.3638,7.1629,44,0.4744,9.8907,,0.769,8.6943,-2.75,754
2025-11-21,0.5863,7.505,70,0.5122,9.7344,,0.8059,9.1253,1.8,607
2025-11-24,0.7054,7.5162,36,0.55,9.3809,,0.576,8.4959,-1.3,635
2025-11-25,0.641,7.1569,53,0.5652,9.7582,,0.5004,8.4975,-0.29,707
2025-11-26,0.4271,7.0881,37,0.4595,9.5772,,0.567,8.1283,-1.91,451
2025-11-28,0.5053,5.9868,2,0.4561,9.7599,,0.5681,8.1854,-0.7,288
2025-12-01,0.2938,7.0575,24,0.5634,9.775,,0.3442,7.6404,-0.09,429
2025-12-02,0.534,7.2662,25,0.2941,9.7074,,0.604,8.1059,3.19,434
2025-12-03,0.2188,6.4544,30,0.6406,9.7936,,0.4868,8.0428,-0.2,435
2025-12-04,0.4309,7.0766,17,0.5091,9.6445,,0.2628,8.1108,-3.75,497
2025-12-05,0.0648,6.703,14,0.3818,9.8456,,0.5293,7.8681,3.8,343
2025-12-08,0.5266,6.8456,24,0.4861,9.6166,,0.3414,7.9465,-1.39,399
2025-12-09,0.4227,6.3735,13,0.3966,9.9565,,0.4543,7.8147,-0.81,276
2025-12-10,0.462,6.8837,18,0.4677,9.7834,,0.2979,8.2656,-1.89,275
2025-12-11,0.481,6.9505,27,0.5281,9.8363,,0.5003,8.0083,2.4,477
2025-12-12,0.6291,6.899,27,0.4595,9.8809,,0.5351,8.0864,0.39,474
2025-12-15,0.4947,6.6971,10,0.5205,9.8691,,0.3377,8.132,-0.52,494
2025-12-16,0.892,7.4058,56,0.4828,9.8113,,0.4702,7.9355,-1.15,371
2025-12-17,0.7123,7.4123,99,0.463,9.8943,,0.4477,8.055,-2.17,509
2025-12-18,0.648,7.5943,57,0.4722,9.8516,,0.6498,8.4357,2.32,554
2025-12-19,0.8315,7.4849,47,0.4035,10.058,,0.6405,8.5967,-0.65,430
2025-12-22,0.4783,6.8257,11,0.5067,9.7187,,0.2648,8.3856,1.67,454
2025-12-23,0.4634,6.9577,22,0.5556,9.6077,,0.2528,7.8207,-2.94,303
2025-12-24,0.2124,5.6311,4,0.4118,9.2952,,0.4153,8.0092,0.0,202
2025-12-26,0.76,7.5135,8,0.6098,9.2054,,0.4044,7.8933,2.68,254
2025-12-29,0.4164,7.0483,16,0.4833,9.7057,,0.3384,8.0782,-0.69,383
2025-12-30,0.5164,7.0326,9,0.5577,9.322,,0.3425,8.0635,-0.34,257
2025-12-31,0.6026,7.6745,10,0.4524,9.3579,,0.6288,7.7847,-0.06,227
2026-01-02,0.7554,7.27,35,0.3733,9.8341,,0.1855,8.7203,0.08,614
2026-01-05,0.6004,7.384,40,0.4891,9.7131,,0.5912,8.0706,-3.08,610
2026-01-06,0.2897,7.0425,24,0.4302,9.7808,,0.4875,8.3551,0.85,524
2026-01-07,0.7957,7.1601,24,0.4605,9.6787,,0.4094,8.1017,3.06,432
2026-01-08,0.7154,7.2103,33,0.5269,9.7346,,0.4626,8.1353,-2.81,554
2026-01-09,0.5425,7.2174,31,0.4943,9.7236,,0.576,8.3143,1.58,477
2026-01-12,0.6944,7.5329,32,0.4023,9.852,,0.1993,8.095,-1.98,528
2026-01-13,0.6591,6.6796,32,0.3939,9.7833,,0.6581,8.1543,4.4,486
2026-01-14,0.6718,7.2982,38,0.4773,9.7212,,0.7971,8.566,-0.55,625
2026-01-15,0.5837,7.3917,32,0.3974,9.8862,,0.5033,8.3025,-1.34,707
2026-01-16,0.7432,7.1339,19,0.4388,9.8942,,0.4427,8.3201,-0.36,615
2026-01-20,0.809,7.7166,85,0.575,9.7264,,0.4173,8.2216,-0.02,779
2026-01-21,0.6575,7.3043,93,0.4079,9.7739,,0.6327,8.6974,1.72,795
2026-01-22,0.4493,7.2798,40,0.4691,9.8047,,0.6275,8.2333,-1.6,573
2026-01-23,0.6698,7.2352,24,0.4603,9.8083,,0.6245,8.145,-0.4,555
2026-01-26,0.5923,7.2629,45,0.4211,9.8718,,0.5558,8.1283,1.21,750
2026-01-27,0.4064,7.0701,21,0.5606,9.858,,0.6295,8.0221,-0.01,598
2026-01-28,0.6776,7.3787,25,0.5244,9.7585,,0.3191,8.3805,-0.6,674
2026-01-29,0.5303,7.3357,51,0.5714,9.8097,,0.4586,8.1305,2.76,1180
2026-01-30,0.6894,7.3685,42,0.4935,9.6666,,0.5167,8.3931,-1.58,809
2026-02-02,0.6214,7.31,47,0.5269,9.7808,,0.4929,8.2164,0.08,789
2026-02-03,0.8176,7.4261,31,0.5495,9.6872,,0.6713,8.1242,1.39,645
2026-02-04,0.5806,7.2833,28,0.5196,9.7793,,0.5988,8.567,-2.3,658
2026-02-05,0.8379,8.0607,85,0.4857,9.718,,0.4128,8.2514,0.85,893
2026-02-06,0.6747,7.7315,45,0.5253,9.8271,,0.7782,8.9852,1.35,788
2026-02-09,0.732,7.1029,37,0.4225,9.9247,,0.6414,8.258,-1.39,415
2026-02-10,0.8031,7.1824,20,0.5224,9.8292,,0.608,8.089,-1.16,371
2026-02-11,0.5318,6.9507,24,0.5663,9.6878,,0.4694,8.0492,0.81,453
2026-02-12,0.384,7.1131,23,0.5625,9.7067,,0.7795,8.2087,-0.36,371
2026-02-13,0.8447,7.7958,88,0.5568,9.8358,,0.7091,8.8739,1.45,526
2026-02-17,0.7022,7.5211,66,0.5217,9.7956,,0.612,8.5647,0.33,539
2026-02-18,0.9055,8.1826,41,0.5556,9.7109,,0.7189,8.2972,-0.83,330
2026-02-19,0.6222,6.9934,32,0.3521,9.7123,,0.4377,8.5867,0.15,323
2026-02-20,0.5955,7.1252,34,0.5079,9.8152,,0.8355,8.6415,0.51,339
2026-02-23,0.7055,7.3222,34,0.4556,9.8194,,0.548,8.5448,-0.6,670
2026-02-24,0.7846,7.3399,58,0.4634,9.9508,,0.5454,8.2721,1.47,539
2026-02-25,0.4878,6.7084,26,0.4348,9.9744,,0.6261,8.0948,-1.28,468
2026-02-26,0.7656,7.4213,44,0.5,9.8969,,0.6006,7.9191,0.11,503
2026-02-27,0.6983,7.5558,64,0.4948,9.7038,,0.7538,8.54,0.0,613
