symbol,direction,entry_date,entry_time_et,expiration,dte,short,long,width,opt,short_delta,credit,raw_mid,slip_leg,qty,spot,ivr,iv_used,regime,leadership,exit_date,exit_time_et,exit_cost,exit_reason,pnl
TSLA,bullish,2025-09-02,12:15,2025-09-12,10,320,315,5,P,-0.3457,1.31,1.41,0.05,1,329.615,35.0,0.5271,UP,CYCLICAL_LED,2025-09-03,11:20,0.75,tp,54.7
META,bullish,2025-09-02,14:15,2025-09-12,10,720,710,10,P,-0.348,2.5,2.65,0.075,1,733.2289,58.3,0.3226,UP,CYCLICAL_LED,2025-09-04,08:30,0.99,tp,149.7
QQQ,bullish,2025-09-03,10:55,2025-09-12,9,590,580,10,P,-0.2349,8.71,8.81,0.05,3,603.06629,91.7,0.2074,CHOP,CYCLICAL_LED,2025-09-10,08:30,6.125,time_exit_2dte,771.6
TSLA,bullish,2025-09-10,09:35,2025-09-19,9,340,335,5,P,-0.3487,1.25,1.35,0.05,1,349.445,33.3,0.5218,UP,CYCLICAL_LED,2025-09-11,11:15,0.71,tp,52.7
TSLA,bullish,2025-09-11,13:30,2025-09-19,8,355,350,5,P,-0.3425,1.36,1.46,0.05,1,364.936,43.3,0.5268,UP,CYCLICAL_LED,2025-09-12,08:45,0.75,tp,59.7
SPY,bullish,2025-09-08,10:20,2025-09-19,11,660,650,10,P,-0.3378,6.42,6.52,0.05,1,667.29176,90.0,0.1764,UP,CYCLICAL_LED,2025-09-15,08:30,3.095,tp,331.2
META,bullish,2025-09-11,10:00,2025-09-19,8,740,730,10,P,-0.3478,2.525,2.675,0.075,1,752.225,58.3,0.3192,UP,CYCLICAL_LED,2025-09-15,10:15,1.41,tp,110.2
META,bullish,2025-09-18,11:40,2025-09-26,8,770,760,10,P,-0.3265,2.53,2.68,0.075,1,785.4592,70.0,0.3316,UP,CYCLICAL_LED,2025-09-23,13:25,7.36,stop,-484.3
IWM,bullish,2025-09-25,14:10,2025-10-03,8,240,235,5,P,-0.3279,1.77,1.87,0.05,1,243.35915,66.7,0.2347,UP,CYCLICAL_LED,2025-09-30,14:55,0.87,tp,88.7
TSLA,bullish,2025-09-22,10:45,2025-10-03,11,425,420,5,P,-0.3372,1.67,1.77,0.05,1,441.0095,95.0,0.6001,UP,CYCLICAL_LED,2025-10-01,08:30,1.16,time_exit_2dte,49.7
TSLA,bullish,2025-10-01,14:05,2025-10-10,9,445,440,5,P,-0.342,1.55,1.65,0.05,1,460.15,96.7,0.6138,UP,CYCLICAL_LED,2025-10-03,09:45,4.1,stop,-256.3
QQQ,bullish,2025-10-02,10:45,2025-10-10,8,620,610,10,P,-0.2221,7.765,7.865,0.05,2,631.9022649999999,38.3,0.1797,UP,CYCLICAL_LED,2025-10-08,08:30,9.035,time_exit_2dte,-256.6
SPY,bullish,2025-10-07,09:30,2025-10-17,10,680,670,10,P,-0.2452,5.055,5.155,0.05,1,689.81833,10.0,0.1387,UP,CYCLICAL_LED,2025-10-15,08:30,8.405,time_exit_2dte,-336.3
AMZN,bullish,2025-10-16,14:45,2025-10-24,8,210,205,5,P,-0.3478,1.33,1.43,0.05,1,213.945,93.3,0.3633,UP,DEFENSIVE_LED,2025-10-20,09:40,0.75,tp,56.7
TSLA,bullish,2025-10-20,10:50,2025-10-31,11,425,420,5,P,-0.3127,1.88,1.98,0.05,1,443.814,68.3,0.5888,CHOP,DEFENSIVE_LED,2025-10-27,08:35,1.03,tp,83.7
GOOGL,bullish,2025-10-20,10:00,2025-10-31,11,250,245,5,P,-0.3481,1.78,1.88,0.05,1,255.9865,100.0,0.4058,CHOP,DEFENSIVE_LED,2025-10-27,10:20,0.99,tp,77.7
AMZN,bullish,2025-10-21,10:05,2025-10-31,10,215,210,5,P,-0.2937,1.63,1.73,0.05,1,221.26,88.3,0.3523,UP,DEFENSIVE_LED,2025-10-28,12:30,0.9,tp,71.7
META,bullish,2025-10-27,09:30,2025-11-07,11,730,720,10,P,-0.3094,3.225,3.375,0.075,1,753.145,91.7,0.4057,UP,DEFENSIVE_LED,2025-10-30,08:30,9.525,stop,-631.3
AMZN,bullish,2025-10-28,14:50,2025-11-07,10,220,215,5,P,-0.2333,1.5,1.6,0.05,1,229.18,95.0,0.3645,UP,DEFENSIVE_LED,2025-11-03,09:30,0.14,tp,134.7
MSFT,bullish,2025-10-27,10:40,2025-11-07,11,520,510,10,P,-0.3073,3.025,3.125,0.05,1,532.0493,96.7,0.2923,UP,DEFENSIVE_LED,2025-11-05,09:30,6.075,time_exit_2dte,-306.3
GOOGL,bullish,2025-11-04,10:50,2025-11-14,10,275,270,5,P,-0.3377,1.3,1.4,0.05,1,281.13,80.0,0.3617,UP,CYCLICAL_LED,2025-11-06,09:30,0.75,tp,53.7
AMZN,bullish,2025-11-07,09:45,2025-11-14,7,235,230,5,P,-0.3139,1.26,1.36,0.05,1,240.0159,71.7,0.3443,CHOP,CYCLICAL_LED,2025-11-07,14:55,0.69,tp,55.7
TSLA,bullish,2025-11-07,09:30,2025-11-14,7,425,420,5,P,-0.3498,2.1,2.2,0.05,1,437.805,95.0,0.6468,CHOP,CYCLICAL_LED,2025-11-10,10:25,1.06,tp,102.7
QQQ,bullish,2025-11-14,09:30,2025-11-21,7,590,580,10,P,-0.2996,2.67,2.77,0.05,1,599.5551,93.3,0.2402,CHOP,CYCLICAL_LED,2025-11-14,10:50,1.4,tp,125.7
NVDA,bullish,2025-11-14,09:30,2025-11-21,7,177.5,175.0,2.5,P,-0.3108,0.85,0.95,0.05,3,182.88,91.7,0.4822,CHOP,CYCLICAL_LED,2025-11-19,09:30,0.9,time_exit_2dte,-18.9
GOOGL,bullish,2025-11-17,13:45,2025-11-28,11,280,275,5,P,-0.346,1.29,1.39,0.05,1,286.25,78.3,0.371,CHOP,CYCLICAL_LED,2025-11-19,09:40,0.63,tp,64.7
AMZN,bearish,2025-11-18,13:30,2025-11-28,10,230,235,5,C,0.3499,1.29,1.39,0.05,1,223.76,100.0,0.3806,DOWN,DEFENSIVE_LED,2025-11-20,12:30,0.74,tp,53.7
TSLA,bullish,2025-11-26,10:40,2025-12-05,9,410,405,5,P,-0.3415,1.75,1.85,0.05,1,420.99,0.0,0.4728,UP,DEFENSIVE_LED,2025-11-28,09:45,0.83,tp,90.7
AMZN,bearish,2025-11-25,09:50,2025-12-05,10,230,235,5,C,0.3293,1.47,1.57,0.05,1,223.9452,36.7,0.3278,DOWN,DEFENSIVE_LED,2025-12-02,11:00,3.9,stop,-244.3
GOOGL,bullish,2025-11-26,09:35,2025-12-05,9,315,310,5,P,-0.3407,1.29,1.39,0.05,1,321.575,58.3,0.3629,UP,DEFENSIVE_LED,2025-12-03,09:30,1.53,time_exit_2dte,-25.3
META,bullish,2025-12-01,10:25,2025-12-12,11,630,620,10,P,-0.3179,2.875,3.025,0.075,1,644.365,5.0,0.3081,UP,DEFENSIVE_LED,2025-12-04,09:30,1.165,tp,169.7
TSLA,bullish,2025-12-03,13:45,2025-12-12,9,430,425,5,P,-0.3329,1.34,1.44,0.05,1,443.8101,10.0,0.5343,UP,DEFENSIVE_LED,2025-12-05,10:20,0.75,tp,57.7
TSLA,bullish,2025-12-08,14:25,2025-12-19,11,420,415,5,P,-0.3115,1.34,1.44,0.05,1,436.575,5.0,0.5167,UP,DEFENSIVE_LED,2025-12-09,13:00,0.7,tp,62.7
NVDA,bullish,2025-12-10,15:05,2025-12-19,9,180.0,177.5,2.5,P,-0.3465,0.64,0.74,0.05,2,184.475,55.0,0.4552,UP,DEFENSIVE_LED,2025-12-12,11:30,1.89,stop,-252.6
TSLA,bullish,2025-12-09,14:35,2025-12-19,10,435,430,5,P,-0.3255,1.41,1.51,0.05,1,449.0749,0.0,0.4849,UP,CYCLICAL_LED,2025-12-15,09:30,0.45,tp,94.7
META,bullish,2025-12-10,11:40,2025-12-19,9,640,630,10,P,-0.3487,2.56,2.71,0.075,1,652.825,45.0,0.3708,UP,DEFENSIVE_LED,2025-12-16,14:05,1.4,tp,114.7
META,bullish,2026-01-02,11:00,2026-01-09,7,640,630,10,P,-0.3462,2.58,2.73,0.075,1,650.905,11.7,0.345,CHOP,CYCLICAL_LED,2026-01-05,09:40,1.175,tp,139.2
TSLA,bullish,2025-12-29,09:30,2026-01-09,11,455,450,5,P,-0.3436,1.75,1.85,0.05,1,468.6449,6.7,0.495,UP,CYCLICAL_LED,2026-01-06,10:55,4.56,stop,-282.3
META,bullish,2026-01-20,11:20,2026-01-30,10,590,580,10,P,-0.268,3.1,3.25,0.075,1,610.6105,45.0,0.365,UP,CYCLICAL_LED,2026-01-22,10:25,1.68,tp,140.7
TSLA,bullish,2026-01-20,13:40,2026-01-30,10,410,405,5,P,-0.3245,1.58,1.68,0.05,1,423.9927,33.3,0.5088,UP,CYCLICAL_LED,2026-01-22,12:35,0.85,tp,71.7
META,bullish,2026-01-22,11:15,2026-01-30,8,620,610,10,P,-0.3079,3.5,3.65,0.075,1,635.9099,66.7,0.3752,CHOP,DEFENSIVE_LED,2026-01-23,14:15,1.9,tp,158.7
AAPL,bullish,2026-01-20,12:50,2026-01-30,10,245,240,5,P,-0.3013,1.35,1.45,0.05,1,250.285,76.7,0.2738,UP,CYCLICAL_LED,2026-01-27,09:30,0.51,tp,82.7
MSFT,bullish,2026-01-26,09:55,2026-02-06,11,455,450,5,P,-0.2819,1.42,1.52,0.05,1,468.41,96.7,0.3186,UP,DEFENSIVE_LED,2026-01-29,09:35,3.74,stop,-233.3
AAPL,bullish,2026-01-27,09:30,2026-02-06,10,255,250,5,P,-0.3483,1.295,1.395,0.05,1,258.7601,56.7,0.2602,UP,DEFENSIVE_LED,2026-02-02,09:45,0.71,tp,57.2
GOOGL,bullish,2026-01-30,09:35,2026-02-06,7,325,320,5,P,-0.2895,1.8,1.9,0.05,1,333.6013,60.0,0.368,UP,DEFENSIVE_LED,2026-02-02,10:20,0.99,tp,79.7
AMZN,bullish,2026-01-26,10:50,2026-02-06,11,230,225,5,P,-0.2345,1.31,1.41,0.05,1,239.7813,80.0,0.3574,UP,DEFENSIVE_LED,2026-02-04,09:30,1.85,time_exit_2dte,-55.3
GOOGL,bullish,2026-02-02,12:30,2026-02-13,11,335,330,5,P,-0.3482,1.69,1.79,0.05,1,342.0103,18.3,0.3535,UP,DEFENSIVE_LED,2026-02-05,09:30,7.55,stop,-587.3
TSLA,bullish,2026-02-04,09:40,2026-02-13,9,410,405,5,P,-0.3342,1.25,1.35,0.05,1,422.575,46.7,0.5142,CHOP,DEFENSIVE_LED,2026-02-05,09:30,4.25,stop,-301.3
NVDA,bullish,2026-02-03,09:30,2026-02-13,10,180.0,177.5,2.5,P,-0.3143,0.96,1.06,0.05,3,185.9861,75.0,0.4602,UP,DEFENSIVE_LED,2026-02-09,09:30,0.55,tp,119.1
QQQ,bearish,2026-02-06,09:30,2026-02-13,7,610,620,10,C,0.3426,3.425,3.525,0.05,1,600.19,90.0,0.2618,DOWN,DEFENSIVE_LED,2026-02-11,09:30,6.325,time_exit_2dte,-291.3
NVDA,bullish,2026-02-12,14:40,2026-02-20,8,185.0,182.5,2.5,P,-0.3436,0.64,0.74,0.05,2,189.5855,81.7,0.4676,UP,DEFENSIVE_LED,2026-02-17,09:55,1.71,stop,-216.6
AMZN,bearish,2026-02-17,09:50,2026-02-27,10,202.5,205.0,2.5,C,0.3499,0.74,0.84,0.05,2,197.185,80.0,0.3684,DOWN,DEFENSIVE_LED,2026-02-20,10:05,2.35,stop,-324.6
META,bearish,2026-02-18,12:30,2026-02-27,9,660,670,10,C,0.3282,2.56,2.71,0.075,1,641.4003,75.0,0.3693,DOWN,DEFENSIVE_LED,2026-02-23,15:05,1.42,tp,112.7
AAPL,bullish,2026-02-23,09:40,2026-03-06,11,260.0,257.5,2.5,P,-0.2949,0.72,0.82,0.05,2,266.2145,80.0,0.2795,UP,DEFENSIVE_LED,2026-02-24,09:35,0.41,tp,59.4
IWM,bullish,2026-02-23,12:15,2026-03-06,11,255.0,252.0,3.0,P,-0.3462,0.76,0.86,0.05,2,259.0043,91.7,0.2617,UP,DEFENSIVE_LED,2026-02-25,09:30,0.42,tp,65.4
AAPL,bearish,2026-02-24,09:40,2026-03-06,10,280.0,282.5,2.5,C,0.3185,0.65,0.75,0.05,2,271.305,100.0,0.3647,DOWN,DEFENSIVE_LED,2026-02-27,09:30,0.38,tp,51.4
META,bearish,2026-02-24,10:35,2026-03-06,10,652.5,660.0,7.5,C,0.3486,2.4,2.55,0.075,1,635.67,58.3,0.3591,DOWN,DEFENSIVE_LED,2026-03-04,09:30,5.35,time_exit_2dte,-296.3
TSLA,bullish,2026-02-25,11:05,2026-03-06,9,405,400,5,P,-0.3354,1.26,1.36,0.05,1,415.365,0.0,0.4292,CHOP,DEFENSIVE_LED,2026-03-02,09:30,3.27,stop,-202.3
GOOGL,bullish,2026-02-27,11:40,2026-03-06,7,302.5,300.0,2.5,P,-0.3389,0.63,0.73,0.05,2,308.18,43.3,0.36,UP,DEFENSIVE_LED,2026-03-03,10:05,1.68,stop,-212.6
