,AAPL,AMZN,GOOGL,IWM,META,MSFT,NVDA,QQQ,SPY,TSLA
2025-02-03,228.00999450683594,237.4199981689453,201.22999572753906,223.8300018310547,697.4600219726562,410.9200134277344,116.66000366210938,518.1099853515625,597.77001953125,383.67999267578125
2025-02-04,232.8000030517578,242.05999755859375,206.3800048828125,226.92999267578125,704.1900024414062,412.3699951171875,118.6500015258789,524.469970703125,601.780029296875,392.2099914550781
2025-02-05,232.47000122070312,236.1699981689453,191.3300018310547,229.39999389648438,704.8699951171875,413.2900085449219,124.83000183105469,526.8499755859375,604.219970703125,378.1700134277344
2025-02-06,233.22000122070312,238.8300018310547,191.60000610351562,228.64999389648438,711.989990234375,415.82000732421875,128.67999267578125,529.5999755859375,606.3200073242188,374.32000732421875
2025-02-07,227.6300048828125,229.14999389648438,185.33999633789062,226.0,714.52001953125,409.75,129.83999633789062,522.9199829101562,600.77001953125,361.6199951171875
2025-02-10,227.64999389648438,233.13999938964844,186.47000122070312,227.02000427246094,717.4000244140625,412.2200012207031,133.57000732421875,529.25,604.8499755859375,350.7300109863281
2025-02-11,232.6199951171875,232.75999450683594,185.32000732421875,225.6999969482422,719.7999877929688,411.44000244140625,132.8000030517578,527.989990234375,605.3099975585938,328.5
2025-02-12,236.8699951171875,228.92999267578125,183.61000061035156,223.6199951171875,725.3800048828125,409.0400085449219,131.13999938964844,528.2999877929688,603.3599853515625,336.510009765625
2025-02-13,241.52999877929688,230.3699951171875,186.13999938964844,226.13999938964844,728.5599975585938,410.5400085449219,135.2899932861328,535.9000244140625,609.72998046875,355.94000244140625
2025-02-14,244.60000610351562,228.67999267578125,185.22999572753906,225.97000122070312,736.6699829101562,408.42999267578125,138.85000610351562,538.1500244140625,609.7000122070312,355.8399963378906
2025-02-18,244.47000122070312,226.64999389648438,183.77000427246094,227.2100067138672,716.3699951171875,409.6400146484375,139.39999389648438,539.3699951171875,611.489990234375,354.1099853515625
2025-02-19,244.8699951171875,226.6300048828125,185.27000427246094,226.42999267578125,703.77001953125,414.7699890136719,139.22999572753906,539.52001953125,612.9299926757812,360.55999755859375
2025-02-20,245.8300018310547,222.8800048828125,184.55999755859375,224.25999450683594,694.8400268554688,416.1300048828125,140.11000061035156,537.22998046875,610.3800048828125,354.3999938964844
2025-02-21,245.5500030517578,216.5800018310547,179.66000366210938,217.8000030517578,683.5499877929688,408.2099914550781,134.42999267578125,526.0800170898438,599.9400024414062,337.79998779296875
2025-02-24,247.10000610351562,212.7100067138672,179.25,216.22999572753906,668.1300048828125,404.0,130.27999877929688,519.8699951171875,597.2100219726562,330.5299987792969
2025-02-25,247.0399932861328,212.8000030517578,175.4199981689453,215.41000366210938,657.5,397.8999938964844,126.62999725341797,513.3200073242188,594.239990234375,302.79998779296875
2025-02-26,240.36000061035156,214.35000610351562,172.72999572753906,215.67999267578125,673.7000122070312,399.7300109863281,131.27999877929688,514.5599975585938,594.5399780273438,290.79998779296875
2025-02-27,237.3000030517578,208.74000549316406,168.5,212.38999938964844,658.239990234375,392.5299987792969,120.1500015258789,500.2699890136719,585.0499877929688,281.95001220703125
2025-02-28,241.83999633789062,212.27999877929688,170.27999877929688,214.64999389648438,668.2000122070312,396.989990234375,124.91999816894531,508.1700134277344,594.1799926757812,292.9800109863281
2025-03-03,238.02999877929688,205.02000427246094,167.00999450683594,208.77999877929688,655.0499877929688,388.489990234375,114.05999755859375,497.04998779296875,583.77001953125,284.6499938964844
2025-03-04,235.92999267578125,203.8000030517578,170.9199981689453,206.4199981689453,640.0,388.6099853515625,115.98999786376953,495.54998779296875,576.8599853515625,272.0400085449219
2025-03-05,235.74000549316406,208.36000061035156,173.02000427246094,208.47000122070312,656.469970703125,401.0199890136719,117.30000305175781,502.010009765625,583.0599975585938,279.1000061035156
2025-03-06,235.3300018310547,200.6999969482422,172.35000610351562,205.27999877929688,627.9299926757812,396.8900146484375,110.56999969482422,488.20001220703125,572.7100219726562,263.45001220703125
2025-03-07,239.07000732421875,199.25,173.86000061035156,205.9499969482422,625.6599731445312,393.30999755859375,112.69000244140625,491.7900085449219,575.9199829101562,262.6700134277344
2025-03-10,227.47999572753906,194.5399932861328,165.8699951171875,200.77000427246094,597.989990234375,380.1600036621094,106.9800033569336,472.7300109863281,560.5800170898438,222.14999389648438
2025-03-11,220.83999633789062,196.58999633789062,164.0399932861328,200.75,605.7100219726562,380.45001220703125,108.76000213623047,471.6000061035156,555.9199829101562,230.5800018310547
2025-03-12,216.97999572753906,198.88999938964844,167.11000061035156,201.10000610351562,619.5599975585938,383.2699890136719,115.73999786376953,476.9200134277344,558.8699951171875,248.08999633789062
2025-03-13,209.67999267578125,193.88999938964844,162.75999450683594,198.10000610351562,590.6400146484375,378.7699890136719,115.58000183105469,468.3399963378906,551.4199829101562,240.67999267578125
2025-03-14,213.49000549316406,197.9499969482422,165.49000549316406,202.88999938964844,607.5999755859375,388.55999755859375,121.66999816894531,479.6600036621094,562.8099975585938,249.97999572753906
2025-03-17,214.0,195.74000549316406,164.2899932861328,205.4499969482422,604.9000244140625,388.70001220703125,119.52999877929688,482.7699890136719,567.1500244140625,238.00999450683594
2025-03-18,212.69000244140625,192.82000732421875,160.6699981689453,203.2100067138672,582.3599853515625,383.5199890136719,115.43000030517578,474.5400085449219,561.02001953125,225.30999755859375
2025-03-19,215.24000549316406,195.5399932861328,163.88999938964844,206.3699951171875,584.0599975585938,387.82000732421875,117.5199966430664,480.8900146484375,567.1300048828125,235.86000061035156
2025-03-20,214.10000610351562,194.9499969482422,162.8000030517578,205.05999755859375,586.0,386.8399963378906,118.52999877929688,479.260009765625,565.489990234375,236.25999450683594
2025-03-21,218.27000427246094,196.2100067138672,163.99000549316406,203.7899932861328,596.25,391.260009765625,117.69999694824219,480.8399963378906,563.97998046875,248.7100067138672
2025-03-24,220.72999572753906,203.25999450683594,167.67999267578125,208.86000061035156,618.8499755859375,393.0799865722656,121.41000366210938,490.6600036621094,574.0800170898438,278.3900146484375
2025-03-25,223.75,205.7100067138672,170.55999755859375,207.6999969482422,626.3099975585938,395.1600036621094,120.69000244140625,493.4599914550781,575.4600219726562,288.1400146484375
2025-03-26,221.52999877929688,201.1300048828125,165.05999755859375,205.58999633789062,610.97998046875,389.9700012207031,113.76000213623047,484.3800048828125,568.5900268554688,272.05999755859375
2025-03-27,223.85000610351562,201.36000061035156,162.24000549316406,204.61000061035156,602.5800170898438,390.5799865722656,111.43000030517578,481.6199951171875,567.0800170898438,273.1300048828125
2025-03-28,217.89999389648438,192.72000122070312,154.3300018310547,200.4499969482422,576.739990234375,378.79998779296875,109.66999816894531,468.94000244140625,555.6599731445312,263.54998779296875
2025-03-31,222.1300048828125,190.25999450683594,154.63999938964844,199.49000549316406,576.3599853515625,375.3900146484375,108.37999725341797,468.9200134277344,559.3900146484375,259.1600036621094
2025-04-01,223.19000244140625,192.1699981689453,157.07000732421875,199.50999450683594,586.0,382.19000244140625,110.1500015258789,472.70001220703125,560.969970703125,268.4599914550781
2025-04-02,223.88999938964844,196.00999450683594,157.0399932861328,202.66000366210938,583.9299926757812,382.1400146484375,110.41999816894531,476.1499938964844,564.52001953125,282.760009765625
2025-04-03,203.19000244140625,178.41000366210938,150.72000122070312,189.64999389648438,531.6199951171875,373.1099853515625,101.80000305175781,450.6600036621094,536.7000122070312,267.2799987792969
2025-04-04,188.3800048828125,171.0,145.60000610351562,181.19000244140625,504.7300109863281,359.8399963378906,94.30999755859375,422.6700134277344,505.2799987792969,239.42999267578125
2025-04-07,181.4600067138672,175.25999450683594,146.75,179.5500030517578,516.25,357.8599853515625,97.63999938964844,423.69000244140625,504.3800048828125,233.2899932861328
2025-04-08,172.4199981689453,170.66000366210938,144.6999969482422,174.82000732421875,510.45001220703125,354.55999755859375,96.30000305175781,416.05999755859375,496.4800109863281,221.86000061035156
2025-04-09,198.85000610351562,191.10000610351562,158.7100067138672,189.67999267578125,585.77001953125,390.489990234375,114.33000183105469,466.0,548.6199951171875,272.20001220703125
2025-04-10,190.4199981689453,181.22000122070312,152.82000732421875,181.7100067138672,546.2899780273438,381.3500061035156,107.56999969482422,446.17999267578125,524.5800170898438,252.39999389648438
2025-04-11,198.14999389648438,184.8699951171875,157.13999938964844,184.36000061035156,543.5700073242188,388.45001220703125,110.93000030517578,454.3999938964844,533.9400024414062,252.30999755859375
2025-04-14,202.52000427246094,182.1199951171875,159.07000732421875,186.52999877929688,531.47998046875,387.80999755859375,110.70999908447266,457.4800109863281,539.1199951171875,252.35000610351562
2025-04-15,202.13999938964844,179.58999633789062,156.30999755859375,186.75999450683594,521.52001953125,385.7300109863281,112.19999694824219,457.989990234375,537.6099853515625,254.11000061035156
2025-04-16,194.27000427246094,174.3300018310547,153.3300018310547,184.97000122070312,502.30999755859375,371.6099853515625,104.48999786376953,444.17999267578125,525.6599731445312,241.5500030517578
2025-04-17,196.97999572753906,172.61000061035156,151.16000366210938,186.47999572753906,501.4800109863281,367.7799987792969,101.48999786376953,444.1000061035156,526.4099731445312,241.3699951171875
2025-04-21,193.16000366210938,167.32000732421875,147.6699981689453,182.74000549316406,484.6600036621094,359.1199951171875,96.91000366210938,433.1099853515625,513.8800048828125,227.5
2025-04-22,199.74000549316406,173.17999267578125,151.47000122070312,187.47000122070312,500.2799987792969,366.82000732421875,98.88999938964844,444.4800109863281,527.25,237.97000122070312
2025-04-23,204.60000610351562,180.60000610351562,155.35000610351562,190.25,520.27001953125,374.3900146484375,102.70999908447266,454.55999755859375,535.4199829101562,250.74000549316406
2025-04-24,208.3699951171875,186.5399932861328,159.27999877929688,194.05999755859375,533.1500244140625,387.29998779296875,106.43000030517578,467.3500061035156,546.6900024414062,259.510009765625
2025-04-25,209.27999877929688,188.99000549316406,161.9600067138672,194.1199951171875,547.27001953125,391.8500061035156,111.01000213623047,472.55999755859375,550.6400146484375,284.95001220703125
2025-04-28,210.13999938964844,187.6999969482422,160.61000061035156,194.94000244140625,549.739990234375,391.1600036621094,108.7300033569336,472.4100036621094,550.8499755859375,285.8800048828125
2025-04-29,211.2100067138672,187.38999938964844,160.16000366210938,196.08999633789062,554.4400024414062,394.0400085449219,109.0199966430664,475.5299987792969,554.3200073242188,292.0299987792969
2025-04-30,212.5,184.4199981689453,158.8000030517578,194.86000061035156,549.0,395.260009765625,108.91999816894531,475.4700012207031,554.5399780273438,282.1600036621094
2025-05-01,213.32000732421875,190.1999969482422,161.3000030517578,196.07000732421875,572.2100219726562,425.3999938964844,111.61000061035156,481.67999267578125,558.469970703125,280.5199890136719
2025-05-02,205.35000610351562,189.97999572753906,164.02999877929688,200.47999572753906,597.02001953125,435.2799987792969,114.5,488.8299865722656,566.760009765625,287.2099914550781
2025-05-05,198.88999938964844,186.35000610351562,164.2100067138672,198.94000244140625,599.27001953125,436.1700134277344,113.81999969482422,485.92999267578125,563.510009765625,280.260009765625
2025-05-06,198.50999450683594,185.00999450683594,163.22999572753906,196.77000427246094,587.3099975585938,433.30999755859375,113.54000091552734,481.4100036621094,558.7999877929688,275.3500061035156
2025-05-07,196.25,188.7100067138672,151.3800048828125,197.4199981689453,596.8099975585938,433.3500061035156,117.05999755859375,483.29998779296875,561.1500244140625,276.2200012207031
2025-05-08,197.49000549316406,192.0800018310547,154.27999877929688,201.17999267578125,598.010009765625,438.1700134277344,117.37000274658203,488.2900085449219,565.0599975585938,284.82000732421875
2025-05-09,198.52999877929688,193.05999755859375,152.75,200.80999755859375,592.489990234375,438.7300109863281,116.6500015258789,487.9700012207031,564.3400268554688,298.260009765625
2025-05-12,210.7899932861328,208.63999938964844,158.4600067138672,207.8699951171875,639.4299926757812,449.260009765625,123.0,507.8500061035156,582.989990234375,318.3800048828125
2025-05-13,212.92999267578125,211.3699951171875,159.52999877929688,208.6300048828125,656.030029296875,449.1400146484375,129.92999267578125,515.5900268554688,586.8400268554688,334.07000732421875
2025-05-14,212.3300018310547,210.25,165.3699951171875,206.77999877929688,659.3599853515625,452.94000244140625,135.33999633789062,518.6799926757812,587.5900268554688,347.67999267578125
2025-05-15,211.4499969482422,205.1699981689453,163.9600067138672,208.1300048828125,643.8800048828125,453.1300048828125,134.8300018310547,519.25,590.4600219726562,342.82000732421875
2025-05-16,211.25999450683594,205.58999633789062,166.19000244140625,209.85000610351562,640.3400268554688,454.2699890136719,135.39999389648438,521.510009765625,594.2000122070312,349.9800109863281
2025-05-19,208.77999877929688,206.16000366210938,166.5399932861328,208.97000122070312,640.4299926757812,458.8699951171875,135.57000732421875,522.010009765625,594.8499755859375,342.0899963378906
2025-05-20,206.86000061035156,204.07000732421875,163.97999572753906,209.0800018310547,637.0999755859375,458.1700134277344,134.3800048828125,520.27001953125,592.8499755859375,343.82000732421875
2025-05-21,202.08999633789062,201.1199951171875,168.55999755859375,203.2100067138672,635.5,452.57000732421875,131.8000030517578,513.0399780273438,582.8599853515625,334.6199951171875
2025-05-22,201.36000061035156,203.10000610351562,170.8699951171875,203.1999969482422,636.5700073242188,454.8599853515625,132.8300018310547,514.0,583.0900268554688,341.0400085449219
2025-05-23,195.27000427246094,200.99000549316406,168.47000122070312,202.55999755859375,627.0599975585938,450.17999267578125,131.2899932861328,509.239990234375,579.1099853515625,339.3399963378906
2025-05-27,200.2100067138672,206.02000427246094,172.89999389648438,207.6999969482422,642.3200073242188,460.69000244140625,135.5,521.219970703125,591.1500244140625,362.8900146484375
2025-05-28,200.4199981689453,204.72000122070312,172.36000061035156,205.50999450683594,643.5800170898438,457.3599853515625,134.80999755859375,518.9099731445312,587.72998046875,356.8999938964844
2025-05-29,199.9499969482422,205.6999969482422,171.86000061035156,206.1199951171875,645.0499877929688,458.67999267578125,139.19000244140625,519.9299926757812,590.0499877929688,358.42999267578125
2025-05-30,200.85000610351562,205.00999450683594,171.74000549316406,205.07000732421875,647.489990234375,460.3599853515625,135.1300048828125,519.1099853515625,589.3900146484375,346.4599914550781
2025-06-02,201.6999969482422,206.64999389648438,169.02999877929688,205.7100067138672,670.9000244140625,461.9700012207031,137.3800048828125,523.2100219726562,592.7100219726562,342.69000244140625
2025-06-03,203.27000427246094,205.7100067138672,166.17999267578125,209.02999877929688,666.8499755859375,462.9700012207031,141.22000122070312,527.2999877929688,596.0900268554688,344.2699890136719
2025-06-04,202.82000732421875,207.22999572753906,168.0500030517578,208.44000244140625,687.9500122070312,463.8699951171875,141.9199981689453,528.77001953125,595.9299926757812,332.04998779296875
2025-06-05,200.6300048828125,207.91000366210938,168.2100067138672,208.52999877929688,684.6199951171875,467.67999267578125,139.99000549316406,524.7899780273438,593.0499877929688,284.70001220703125
2025-06-06,203.9199981689453,213.57000732421875,173.67999267578125,211.89999389648438,697.7100219726562,470.3800048828125,141.72000122070312,529.9199829101562,599.1400146484375,295.1400146484375
2025-06-09,201.4499969482422,216.97999572753906,176.08999633789062,213.36000061035156,694.0599975585938,472.75,142.6300048828125,530.7000122070312,599.6799926757812,308.5799865722656
2025-06-10,202.6699981689453,217.61000061035156,178.60000610351562,214.50999450683594,702.4000244140625,470.9200134277344,143.9600067138672,534.2100219726562,603.0800170898438,326.0899963378906
2025-06-11,198.77999877929688,213.1999969482422,177.35000610351562,213.6300048828125,694.1400146484375,472.6199951171875,142.8300018310547,532.4099731445312,601.3599853515625,326.42999267578125
2025-06-12,199.1999969482422,213.24000549316406,175.6999969482422,212.77999877929688,693.3599853515625,478.8699951171875,145.0,533.6599731445312,603.75,319.1099853515625
2025-06-13,196.4499969482422,212.10000610351562,174.6699981689453,208.88999938964844,682.8699951171875,474.9599914550781,141.97000122070312,526.9600219726562,597.0,325.30999755859375
2025-06-16,198.4199981689453,216.10000610351562,176.77000427246094,210.77000427246094,702.1199951171875,479.1400146484375,144.69000244140625,534.2899780273438,602.6799926757812,329.1300048828125
2025-06-17,195.63999938964844,214.82000732421875,175.9499969482422,208.5500030517578,697.22998046875,478.0400085449219,144.1199951171875,529.0800170898438,597.530029296875,316.3500061035156
2025-06-18,196.5800018310547,212.52000427246094,173.32000732421875,209.64999389648438,695.77001953125,480.239990234375,145.47999572753906,528.989990234375,597.4400024414062,322.04998779296875
2025-06-20,201.0,209.69000244140625,166.63999938964844,209.2100067138672,682.3499755859375,477.3999938964844,143.85000610351562,526.8300170898438,594.280029296875,322.1600036621094
2025-06-23,201.5,208.47000122070312,165.19000244140625,211.77000427246094,698.530029296875,486.0,144.1699981689453,531.6500244140625,600.1500244140625,348.67999267578125
2025-06-24,200.3000030517578,212.77000427246094,166.77000427246094,214.47000122070312,712.2000122070312,490.1099853515625,147.89999389648438,539.780029296875,606.780029296875,340.4700012207031
2025-06-25,201.55999755859375,211.99000549316406,170.67999267578125,211.97000122070312,708.6799926757812,492.2699890136719,154.30999755859375,541.1599731445312,607.1199951171875,327.54998779296875
2025-06-26,201.0,217.1199951171875,173.5399932861328,215.41000366210938,726.0900268554688,497.45001220703125,155.02000427246094,546.219970703125,611.8699951171875,325.7799987792969
2025-06-27,201.0800018310547,223.3000030517578,178.52999877929688,215.47999572753906,733.6300048828125,495.94000244140625,157.75,548.0900268554688,614.9099731445312,323.6300048828125
2025-06-30,205.1699981689453,219.38999938964844,176.22999572753906,215.7899932861328,738.0900268554688,497.4100036621094,157.99000549316406,551.6400146484375,617.8499755859375,317.6600036621094
2025-07-01,207.82000732421875,220.4600067138672,175.83999633789062,218.00999450683594,719.219970703125,492.04998779296875,153.3000030517578,546.989990234375,617.6500244140625,300.7099914550781
2025-07-02,212.44000244140625,219.9199981689453,178.63999938964844,221.02999877929688,713.5700073242188,491.0899963378906,157.25,550.7999877929688,620.4500122070312,315.6499938964844
2025-07-03,213.5500030517578,223.41000366210938,179.52999877929688,223.0800018310547,719.010009765625,498.8399963378906,159.33999633789062,556.219970703125,625.3400268554688,315.3500061035156
2025-07-07,209.9499969482422,223.47000122070312,176.7899932861328,219.72999572753906,718.3499755859375,497.7200012207031,158.24000549316406,552.030029296875,620.6799926757812,293.94000244140625
2025-07-08,210.00999450683594,219.36000061035156,174.36000061035156,221.25,720.6699829101562,496.6199951171875,160.0,552.3400268554688,620.3400268554688,297.80999755859375
2025-07-09,211.13999938964844,222.5399932861328,176.6199951171875,223.64999389648438,732.780029296875,503.510009765625,162.8800048828125,556.25,624.0599975585938,295.8800048828125
2025-07-10,212.41000366210938,222.25999450683594,177.6199951171875,224.8000030517578,727.239990234375,501.4800109863281,164.10000610351562,555.4500122070312,625.8200073242188,309.8699951171875
2025-07-11,211.16000366210938,225.02000427246094,180.19000244140625,221.6999969482422,717.510009765625,503.32000732421875,164.9199981689453,554.2000122070312,623.6199951171875,313.510009765625
2025-07-14,208.6199951171875,225.69000244140625,181.55999755859375,223.19000244140625,720.9199829101562,503.0199890136719,164.07000732421875,556.2100219726562,624.8099975585938,316.8999938964844
2025-07-15,209.11000061035156,226.35000610351562,182.0,218.82000732421875,710.3900146484375,505.82000732421875,170.6999969482422,556.719970703125,622.1400146484375,310.7799987792969
2025-07-16,210.16000366210938,223.19000244140625,182.97000122070312,221.02000427246094,702.9099731445312,505.6199951171875,171.3699951171875,557.2899780273438,624.219970703125,321.6700134277344
2025-07-17,210.02000427246094,223.8800048828125,183.5800018310547,223.9199981689453,701.4099731445312,511.70001220703125,173.0,561.7999877929688,628.0399780273438,319.4100036621094
2025-07-18,211.17999267578125,226.1300048828125,185.05999755859375,222.3300018310547,704.280029296875,510.04998779296875,172.41000366210938,561.260009765625,627.5800170898438,329.6499938964844
2025-07-21,212.47999572753906,229.3000030517578,190.10000610351562,221.42999267578125,712.969970703125,510.05999755859375,171.3800048828125,564.1699829101562,628.77001953125,328.489990234375
2025-07-22,214.39999389648438,227.47000122070312,191.33999633789062,223.27000427246094,704.8099975585938,505.2699890136719,167.02999877929688,561.25,628.8599853515625,332.1099853515625
2025-07-23,214.14999389648438,228.2899932861328,190.22999572753906,226.67999267578125,713.5800170898438,505.8699951171875,170.77999877929688,563.8099975585938,634.2100219726562,332.55999755859375
2025-07-24,213.75999450683594,232.22999572753906,192.1699981689453,223.5500030517578,714.7999877929688,510.8800048828125,173.74000549316406,565.010009765625,634.4199829101562,305.29998779296875
2025-07-25,213.8800048828125,231.44000244140625,193.17999267578125,224.3800048828125,712.6799926757812,513.7100219726562,173.5,566.3699951171875,637.0999755859375,316.05999755859375
2025-07-28,214.0500030517578,232.7899932861328,192.5800018310547,224.1199951171875,717.6300048828125,512.5,176.75,568.1400146484375,636.9400024414062,325.5899963378906
2025-07-29,211.27000427246094,231.00999450683594,195.75,222.69000244140625,700.0,512.5700073242188,175.50999450683594,567.260009765625,635.260009765625,321.20001220703125
2025-07-30,209.0500030517578,230.19000244140625,196.52999877929688,221.55999755859375,695.2100219726562,513.239990234375,179.27000427246094,568.02001953125,634.4600219726562,319.0400085449219
2025-07-31,207.57000732421875,234.11000061035156,191.89999389648438,219.38999938964844,773.4400024414062,533.5,177.8699951171875,565.010009765625,632.0800170898438,308.2699890136719
2025-08-01,202.3800048828125,214.75,189.1300048828125,214.9199981689453,750.010009765625,524.1099853515625,173.72000122070312,553.8800048828125,621.719970703125,302.6300048828125
2025-08-04,203.35000610351562,211.64999389648438,195.0399932861328,219.72999572753906,776.3699951171875,535.6400146484375,180.0,564.0999755859375,631.1699829101562,309.260009765625
2025-08-05,202.9199981689453,213.75,194.6699981689453,220.85000610351562,763.4600219726562,527.75,178.25999450683594,560.27001953125,627.969970703125,308.7200012207031
2025-08-06,213.25,222.30999755859375,196.08999633789062,220.55999755859375,771.989990234375,524.9400024414062,179.4199981689453,567.3200073242188,632.780029296875,319.9100036621094
2025-08-07,220.02999877929688,223.1300048828125,196.52000427246094,219.83999633789062,761.8300170898438,520.8400268554688,180.77000427246094,569.239990234375,632.25,322.2699890136719
2025-08-08,229.35000610351562,222.69000244140625,201.4199981689453,220.32000732421875,769.2999877929688,522.0399780273438,182.6999969482422,574.5499877929688,637.1799926757812,329.6499938964844
2025-08-11,227.17999267578125,221.3000030517578,201.0,220.27000427246094,765.8699951171875,521.77001953125,182.05999755859375,572.8499755859375,635.9199829101562,339.0299987792969
2025-08-12,229.64999389648438,221.47000122070312,203.33999633789062,226.80999755859375,790.0,529.239990234375,183.16000366210938,580.0499877929688,642.6900024414062,340.8399963378906
2025-08-13,233.3300018310547,224.55999755859375,201.9600067138672,231.22000122070312,780.0800170898438,520.5800170898438,181.58999633789062,580.3400268554688,644.8900146484375,339.3800048828125
2025-08-14,232.77999877929688,230.97999572753906,202.94000244140625,228.24000549316406,782.1300048828125,522.47998046875,182.02000427246094,579.8900146484375,644.9500122070312,335.5799865722656
2025-08-15,231.58999633789062,231.02999877929688,203.89999389648438,227.1300048828125,785.22998046875,520.1699829101562,180.4499969482422,577.3400268554688,643.4400024414062,330.55999755859375
2025-08-18,230.88999938964844,231.49000549316406,203.5,227.9600067138672,767.3699951171875,517.0999755859375,182.00999450683594,577.1099853515625,643.2999877929688,335.1600036621094
2025-08-19,230.55999755859375,228.00999450683594,201.57000732421875,226.2100067138672,751.47998046875,509.7699890136719,175.63999938964844,569.280029296875,639.8099975585938,329.30999755859375
2025-08-20,226.00999450683594,223.80999755859375,199.32000732421875,225.41000366210938,747.719970703125,505.7200012207031,175.39999389648438,565.9000244140625,638.1099853515625,323.8999938964844
2025-08-21,224.89999389648438,221.9499969482422,199.75,225.97000122070312,739.0999755859375,504.239990234375,174.97999572753906,563.280029296875,635.5499877929688,320.1099853515625
2025-08-22,227.75999450683594,228.83999633789062,206.08999633789062,234.8300018310547,754.7899780273438,507.2300109863281,177.99000549316406,571.969970703125,645.3099975585938,340.010009765625
2025-08-25,227.16000366210938,227.94000244140625,208.49000549316406,232.36000061035156,753.2999877929688,504.260009765625,179.80999755859375,570.3200073242188,642.469970703125,346.6000061035156
2025-08-26,229.30999755859375,228.7100067138672,207.13999938964844,234.27999877929688,754.0999755859375,502.0400085449219,181.77000427246094,572.6099853515625,645.1599731445312,351.6700134277344
2025-08-27,230.49000549316406,229.1199951171875,207.47999572753906,235.94000244140625,747.3800048828125,506.739990234375,181.60000610351562,573.489990234375,646.6300048828125,349.6000061035156
2025-08-28,232.55999755859375,231.60000610351562,211.63999938964844,236.22000122070312,751.1099853515625,509.6400146484375,180.1699981689453,577.0800170898438,648.9199829101562,345.9800109863281
2025-08-29,232.13999938964844,229.0,212.91000366210938,235.1699981689453,738.7000122070312,506.69000244140625,174.17999267578125,570.4000244140625,645.0499877929688,333.8699951171875
2025-09-02,229.72000122070312,225.33999633789062,211.35000610351562,233.89999389648438,735.1099853515625,505.1199951171875,170.77999877929688,565.6199951171875,640.27001953125,329.3599853515625
2025-09-03,238.47000122070312,225.99000549316406,230.66000366210938,233.6699981689453,737.0499877929688,505.3500061035156,170.6199951171875,570.0700073242188,643.739990234375,334.0899963378906
2025-09-04,239.77999877929688,235.67999267578125,232.3000030517578,236.58999633789062,748.6500244140625,507.9700012207031,171.66000366210938,575.22998046875,649.1199951171875,338.5299987792969
2025-09-05,239.69000244140625,232.3300018310547,235.0,237.77000427246094,752.4500122070312,495.0,167.02000427246094,576.0599975585938,647.239990234375,350.8399963378906
2025-09-08,237.8800048828125,235.83999633789062,234.0399932861328,238.25,752.2999877929688,498.20001220703125,168.30999755859375,578.8699951171875,648.8300170898438,346.3999938964844
2025-09-09,234.35000610351562,238.24000549316406,239.6300048828125,236.85000610351562,765.7000122070312,498.4100036621094,170.75999450683594,580.510009765625,650.3300170898438,346.9700012207031
2025-09-10,226.7899932861328,230.3300018310547,239.1699981689453,236.42999267578125,751.97998046875,500.3699951171875,177.3300018310547,580.7000122070312,652.2100219726562,347.7900085449219
2025-09-11,230.02999877929688,229.9499969482422,240.3699951171875,240.8000030517578,750.9000244140625,501.010009765625,177.1699981689453,584.0800170898438,657.6300048828125,368.80999755859375
2025-09-12,234.07000732421875,228.14999389648438,240.8000030517578,238.33999633789062,755.5900268554688,509.8999938964844,177.82000732421875,586.6599731445312,657.4099731445312,395.94000244140625
2025-09-15,236.6999969482422,231.42999267578125,251.61000061035156,239.35000610351562,764.7000122070312,515.3599853515625,177.75,591.6799926757812,660.9099731445312,410.0400085449219
2025-09-16,238.14999389648438,234.0500030517578,251.16000366210938,238.27999877929688,779.0,509.0400085449219,174.8800048828125,591.1799926757812,660.0,421.6199951171875
2025-09-17,238.99000549316406,231.6199951171875,249.52999877929688,238.88999938964844,775.719970703125,510.0199890136719,170.2899932861328,590.0,659.1799926757812,425.8599853515625
2025-09-18,237.8800048828125,231.22999572753906,252.02999877929688,244.83999633789062,780.25,508.45001220703125,176.24000549316406,595.3200073242188,662.260009765625,416.8500061035156
2025-09-19,245.5,231.47999572753906,254.72000122070312,242.97999572753906,778.3800048828125,517.9299926757812,176.6699981689453,599.3499755859375,663.7000122070312,426.07000732421875
2025-09-22,256.0799865722656,227.6300048828125,252.52999877929688,244.38999938964844,765.1599731445312,514.4500122070312,183.61000061035156,602.2000122070312,666.8400268554688,434.2099914550781
2025-09-23,254.42999267578125,220.7100067138672,251.66000366210938,243.83999633789062,755.4000244140625,509.2300109863281,178.42999267578125,598.2000122070312,663.2100219726562,425.8500061035156
2025-09-24,252.30999755859375,220.2100067138672,247.13999938964844,241.60000610351562,760.6599731445312,510.1499938964844,176.97000122070312,596.0999755859375,661.0999755859375,442.7900085449219
2025-09-25,256.8699951171875,218.14999389648438,245.7899932861328,239.2899932861328,748.9099731445312,507.0299987792969,177.69000244140625,593.530029296875,658.0499877929688,423.3900146484375
2025-09-26,255.4600067138672,219.77999877929688,246.5399932861328,241.33999633789062,743.75,511.4599914550781,178.19000244140625,595.969970703125,661.8200073242188,440.3999938964844
2025-09-29,254.42999267578125,222.1699981689453,244.0500030517578,241.6199951171875,743.4000244140625,514.5999755859375,181.85000610351562,598.72998046875,663.6799926757812,443.2099914550781
2025-09-30,254.6300048828125,219.57000732421875,243.10000610351562,241.9600067138672,734.3800048828125,517.9500122070312,186.5800018310547,600.3699951171875,666.1799926757812,444.7200012207031
2025-10-01,255.4499969482422,220.6300048828125,244.89999389648438,242.49000549316406,717.3400268554688,519.7100219726562,187.24000549316406,603.25,668.4500122070312,459.4599914550781
2025-10-02,257.1300048828125,222.41000366210938,245.69000244140625,244.02000427246094,727.0499877929688,515.739990234375,188.88999938964844,605.72998046875,669.219970703125,436.0
2025-10-03,258.0199890136719,219.50999450683594,245.35000610351562,245.8300018310547,710.5599975585938,517.3499755859375,187.6199951171875,603.1799926757812,669.2100219726562,429.8299865722656
2025-10-06,256.69000244140625,220.89999389648438,250.42999267578125,246.80999755859375,715.6599731445312,528.5700073242188,185.5399932861328,607.7100219726562,671.6099853515625,453.25
2025-10-07,256.4800109863281,221.77999877929688,245.75999450683594,244.16000366210938,713.0800170898438,523.97998046875,185.0399932861328,604.510009765625,669.1199951171875,433.0899963378906
2025-10-08,258.05999755859375,225.22000122070312,244.6199951171875,246.72000122070312,717.8400268554688,524.8499755859375,189.11000061035156,611.4400024414062,673.1099853515625,438.69000244140625
2025-10-09,254.0399932861328,227.74000549316406,241.52999877929688,245.1300048828125,733.510009765625,522.4000244140625,192.57000732421875,610.7000122070312,671.1599731445312,435.5400085449219
2025-10-10,245.27000427246094,216.3699951171875,236.57000732421875,237.7899932861328,705.2999877929688,510.9599914550781,183.16000366210938,589.5,653.02001953125,413.489990234375
2025-10-13,247.66000366210938,220.07000732421875,244.14999389648438,244.41000366210938,715.7000122070312,514.0499877929688,188.32000732421875,602.010009765625,663.0399780273438,435.8999938964844
2025-10-14,247.77000427246094,216.38999938964844,245.4499969482422,247.89999389648438,708.6500244140625,513.5700073242188,180.02999877929688,598.0,662.22998046875,429.239990234375
2025-10-15,249.33999633789062,215.57000732421875,251.02999877929688,250.3300018310547,717.5499877929688,513.4299926757812,179.8300018310547,602.219970703125,665.1699829101562,435.1499938964844
2025-10-16,247.4499969482422,214.47000122070312,251.4600067138672,245.05999755859375,712.0700073242188,511.6099853515625,181.80999755859375,599.989990234375,660.6400146484375,428.75
2025-10-17,252.2899932861328,213.0399932861328,253.3000030517578,243.41000366210938,716.9199829101562,513.5800170898438,183.22000122070312,603.9299926757812,664.3900146484375,439.30999755859375
2025-10-20,262.239990234375,216.47999572753906,256.54998779296875,248.16000366210938,732.1699829101562,516.7899780273438,182.63999938964844,611.5399780273438,671.2999877929688,447.42999267578125
2025-10-21,262.7699890136719,222.02999877929688,250.4600067138672,246.99000549316406,733.27001953125,517.6599731445312,181.16000366210938,611.3800048828125,671.2899780273438,442.6000061035156
2025-10-22,258.45001220703125,217.9499969482422,251.69000244140625,243.33999633789062,733.4099731445312,520.5399780273438,180.27999877929688,605.489990234375,667.7999877929688,438.9700012207031
2025-10-23,259.5799865722656,221.08999633789062,253.0800018310547,246.4199981689453,734.0,520.5599975585938,182.16000366210938,610.5800170898438,671.760009765625,448.9800109863281
2025-10-24,262.82000732421875,224.2100067138672,259.9200134277344,249.42999267578125,738.3599853515625,523.6099853515625,186.25999450683594,617.0999755859375,677.25,433.7200012207031
2025-10-27,268.80999755859375,226.97000122070312,269.2699890136719,250.3000030517578,750.8200073242188,531.52001953125,191.49000549316406,628.0900268554688,685.239990234375,452.4200134277344
2025-10-28,269.0,229.25,267.4700012207031,248.9600067138672,751.4400024414062,542.0700073242188,201.02999877929688,632.9199829101562,687.0599975585938,460.54998779296875
2025-10-29,269.70001220703125,230.3000030517578,274.57000732421875,246.83999633789062,751.6699829101562,541.5499877929688,207.0399932861328,635.77001953125,687.3900146484375,461.510009765625
2025-10-30,271.3999938964844,222.86000061035156,281.4800109863281,244.85000610351562,666.469970703125,525.760009765625,202.88999938964844,626.0499877929688,679.8300170898438,440.1000061035156
2025-10-31,270.3699951171875,244.22000122070312,281.19000244140625,246.22999572753906,648.3499755859375,517.8099975585938,202.49000549316406,629.0700073242188,682.0599975585938,456.55999755859375
2025-11-03,269.04998779296875,254.0,283.7200012207031,245.44000244140625,637.7100219726562,517.030029296875,206.8800048828125,632.0800170898438,683.3400268554688,468.3699951171875
2025-11-04,270.0400085449219,249.32000732421875,277.5400085449219,241.1999969482422,627.3200073242188,514.3300170898438,198.69000244140625,619.25,675.239990234375,444.260009765625
2025-11-05,270.1400146484375,250.1999969482422,284.30999755859375,244.67999267578125,635.9500122070312,507.1600036621094,195.2100067138672,623.280029296875,677.5800170898438,462.07000732421875
2025-11-06,269.7699890136719,243.0399932861328,284.75,240.35000610351562,618.9400024414062,497.1000061035156,188.0800018310547,611.6699829101562,670.3099975585938,445.9100036621094
2025-11-07,268.4700012207031,244.41000366210938,278.8299865722656,241.61000061035156,621.7100219726562,496.82000732421875,188.14999389648438,609.739990234375,670.969970703125,429.5199890136719
2025-11-10,269.42999267578125,248.39999389648438,290.1000061035156,244.02999877929688,631.760009765625,506.0,199.0500030517578,623.22998046875,681.4400024414062,445.2300109863281
2025-11-11,275.25,249.10000610351562,291.30999755859375,244.24000549316406,627.0800170898438,508.67999267578125,193.16000366210938,621.5700073242188,683.0,439.6199951171875
2025-11-12,273.4700012207031,244.1999969482422,286.7099914550781,243.63999938964844,609.010009765625,511.1400146484375,193.8000030517578,621.0800170898438,683.3800048828125,430.6000061035156
2025-11-13,272.95001220703125,237.5800018310547,278.57000732421875,236.7899932861328,609.8900146484375,503.2900085449219,186.86000061035156,608.4000244140625,672.0399780273438,401.989990234375
2025-11-14,272.4100036621094,234.69000244140625,276.4100036621094,237.47999572753906,609.4600219726562,510.17999267578125,190.1699981689453,608.8599853515625,671.9299926757812,404.3500061035156
2025-11-17,267.4599914550781,232.8699951171875,285.0199890136719,232.75999450683594,602.010009765625,507.489990234375,186.60000610351562,603.6599731445312,665.6699829101562,408.9200134277344
2025-11-18,267.44000244140625,222.5500030517578,284.2799987792969,233.47000122070312,597.6900024414062,493.7900085449219,181.36000061035156,596.3099975585938,660.0800170898438,401.25
2025-11-19,268.55999755859375,222.69000244140625,292.80999755859375,233.42999267578125,590.3200073242188,487.1199951171875,186.52000427246094,599.8699951171875,662.6300048828125,403.989990234375
2025-11-20,266.25,217.13999938964844,289.45001220703125,229.11000061035156,589.1500244140625,478.42999267578125,180.63999938964844,585.6699829101562,652.530029296875,395.2300109863281
2025-11-21,271.489990234375,220.69000244140625,299.6600036621094,235.60000610351562,594.25,472.1199951171875,178.8800048828125,590.0700073242188,659.030029296875,391.0899963378906
2025-11-24,275.9200134277344,226.27999877929688,318.5799865722656,239.89999389648438,613.0499877929688,474.0,182.5500030517578,605.1599731445312,668.72998046875,417.7799987792969
2025-11-25,276.9700012207031,229.6699981689453,323.44000244140625,245.1300048828125,636.219970703125,476.989990234375,177.82000732421875,608.8900146484375,675.02001953125,419.3999938964844
2025-11-26,277.54998779296875,229.16000366210938,319.95001220703125,247.3000030517578,633.6099853515625,485.5,180.25999450683594,614.27001953125,679.6799926757812,426.5799865722656
2025-11-28,278.8500061035156,233.22000122070312,320.17999267578125,248.75,647.9500122070312,492.010009765625,177.0,619.25,683.3900146484375,430.1700134277344
2025-12-01,283.1000061035156,233.8800048828125,314.8900146484375,245.6199951171875,640.8699951171875,486.739990234375,179.9199981689453,617.1699829101562,680.27001953125,430.1400146484375
2025-12-02,286.19000244140625,234.4199981689453,315.80999755859375,245.1699981689453,647.0999755859375,490.0,181.4600067138672,622.0,681.530029296875,429.239990234375
2025-12-03,284.1499938964844,232.3800048828125,319.6300048828125,249.6300048828125,639.5999755859375,477.7300109863281,179.58999633789062,623.52001953125,683.8900146484375,446.739990234375
2025-12-04,280.70001220703125,229.11000061035156,317.6199951171875,251.82000732421875,661.530029296875,480.8399963378906,183.3800048828125,622.9400024414062,684.3900146484375,454.5299987792969
2025-12-05,278.7799987792969,229.52999877929688,321.2699890136719,250.77000427246094,673.4199829101562,483.1600036621094,182.41000366210938,625.47998046875,685.6900024414062,455.0
2025-12-08,277.8900146484375,226.88999938964844,313.7200012207031,250.8699951171875,666.7999877929688,491.0199890136719,185.5500030517578,624.280029296875,683.6300048828125,439.5799865722656
2025-12-09,277.17999267578125,227.9199981689453,317.0799865722656,251.38999938964844,656.9600219726562,492.0199890136719,184.97000122070312,625.0499877929688,683.0399780273438,445.1700134277344
2025-12-10,278.7799987792969,231.77999877929688,320.2099914550781,254.80999755859375,650.1300048828125,478.55999755859375,183.77999877929688,627.6099853515625,687.5700073242188,451.45001220703125
2025-12-11,278.0299987792969,230.27999877929688,312.42999267578125,257.79998779296875,652.7100219726562,483.4700012207031,180.92999267578125,625.5800170898438,689.1699829101562,446.8900146484375
2025-12-12,278.2799987792969,226.19000244140625,309.2900085449219,253.85000610351562,644.22998046875,478.5299987792969,175.02000427246094,613.6199951171875,681.760009765625,458.9599914550781
2025-12-15,274.1099853515625,222.5399932861328,308.2200012207031,251.92999267578125,647.510009765625,474.82000732421875,176.2899932861328,610.5399780273438,680.72998046875,475.30999755859375
2025-12-16,274.6099853515625,222.55999755859375,306.57000732421875,249.89999389648438,657.1500244140625,476.3900146484375,177.72000122070312,611.75,678.8699951171875,489.8800048828125
2025-12-17,271.8399963378906,221.27000427246094,296.7200012207031,247.24000549316406,649.5,476.1199951171875,170.94000244140625,600.4099731445312,671.4000244140625,467.260009765625
2025-12-18,272.19000244140625,226.75999450683594,302.4599914550781,248.7100067138672,664.4500122070312,483.9800109863281,174.13999938964844,609.1099853515625,676.469970703125,483.3699951171875
2025-12-19,273.6700134277344,227.35000610351562,307.1600036621094,250.7899932861328,658.77001953125,485.9200134277344,180.99000549316406,617.0499877929688,680.5900268554688,481.20001220703125
2025-12-22,270.9700012207031,228.42999267578125,309.7799987792969,253.5800018310547,661.5,484.9200134277344,183.69000244140625,619.2100219726562,684.8300170898438,488.7300109863281
2025-12-23,272.3599853515625,232.13999938964844,314.3500061035156,252.0800018310547,664.9400024414062,486.8500061035156,189.2100067138672,622.1099853515625,687.9600219726562,485.55999755859375
2025-12-24,273.80999755859375,232.3800048828125,314.0899963378906,252.7100067138672,667.5499877929688,488.0199890136719,188.61000061035156,623.9299926757812,690.3800048828125,485.3999938964844
2025-12-26,273.3999938964844,232.52000427246094,313.510009765625,251.4199981689453,663.2899780273438,487.7099914550781,190.52999877929688,623.8900146484375,690.3099975585938,475.19000244140625
2025-12-29,273.760009765625,232.07000732421875,313.55999755859375,249.8800048828125,658.6900024414062,487.1000061035156,188.22000122070312,620.8699951171875,687.8499755859375,459.6400146484375
2025-12-30,273.0799865722656,232.52999877929688,313.8500061035156,248.02999877929688,665.9500122070312,487.4800109863281,187.5399932861328,619.4299926757812,687.010009765625,454.42999267578125
2025-12-31,271.8599853515625,230.82000732421875,313.0,246.16000366210938,660.0900268554688,483.6199951171875,186.5,614.3099975585938,681.9199829101562,449.7200012207031
2026-01-02,271.010009765625,226.5,315.1499938964844,248.77999877929688,650.4099731445312,472.94000244140625,188.85000610351562,613.1199951171875,683.1699829101562,438.07000732421875
2026-01-05,267.260009765625,233.05999755859375,316.5400085449219,252.72999572753906,658.7899780273438,472.8500061035156,188.1199951171875,617.989990234375,687.719970703125,451.6700134277344
2026-01-06,262.3599853515625,240.92999267578125,314.3399963378906,256.0799865722656,660.6199951171875,478.510009765625,187.24000549316406,623.4199829101562,691.8099975585938,432.9599914550781
2026-01-07,260.3299865722656,241.55999755859375,321.9800109863281,255.47999572753906,648.6900024414062,483.4700012207031,189.11000061035156,624.02001953125,689.5800170898438,431.4100036621094
2026-01-08,259.0400085449219,246.2899932861328,325.44000244140625,258.2699890136719,646.0599975585938,478.1099853515625,185.0399932861328,620.469970703125,689.510009765625,435.79998779296875
2026-01-09,259.3699951171875,247.3800048828125,328.57000732421875,260.2300109863281,653.0599975585938,479.2799987792969,184.86000061035156,626.6500244140625,694.0700073242188,445.010009765625
2026-01-12,260.25,246.47000122070312,331.8599853515625,261.5,641.969970703125,477.17999267578125,184.94000244140625,627.1699829101562,695.1599731445312,448.9599914550781
2026-01-13,261.04998779296875,242.60000610351562,335.9700012207031,261.3500061035156,631.0900268554688,470.6700134277344,185.80999755859375,626.239990234375,693.77001953125,447.20001220703125
2026-01-14,259.9599914550781,236.64999389648438,335.8399963378906,263.19000244140625,615.52001953125,459.3800048828125,183.13999938964844,619.5499877929688,690.3599853515625,439.20001220703125
2026-01-15,258.2099914550781,238.17999267578125,332.7799987792969,265.510009765625,620.7999877929688,456.6600036621094,187.0500030517578,621.780029296875,692.239990234375,438.57000732421875
2026-01-16,255.52999877929688,239.1199951171875,330.0,265.760009765625,620.25,459.8599853515625,186.22999572753906,621.260009765625,691.6599731445312,437.5
2026-01-20,246.6999969482422,231.0,322.0,262.5799865722656,604.1199951171875,454.5199890136719,178.07000732421875,608.0599975585938,677.5800170898438,419.25
2026-01-21,247.64999389648438,231.30999755859375,328.3800048828125,267.7900085449219,612.9600219726562,444.1099853515625,183.32000732421875,616.280029296875,685.4000244140625,431.44000244140625
2026-01-22,248.35000610351562,234.33999633789062,330.5400085449219,269.7900085449219,647.6300048828125,451.1400146484375,184.83999633789062,620.760009765625,688.97998046875,449.3599853515625
2026-01-23,248.0399932861328,239.16000366210938,327.92999267578125,264.80999755859375,658.760009765625,465.95001220703125,187.6699981689453,622.719970703125,689.22998046875,449.05999755859375
2026-01-26,255.41000366210938,238.4199981689453,333.260009765625,263.9800109863281,672.3599853515625,470.2799987792969,186.47000122070312,625.4600219726562,692.72998046875,435.20001220703125
2026-01-27,258.2699890136719,244.67999267578125,334.54998779296875,264.7300109863281,672.969970703125,480.5799865722656,188.52000427246094,631.1300048828125,695.489990234375,430.8999938964844
2026-01-28,256.44000244140625,243.00999450683594,336.010009765625,263.29998779296875,668.72998046875,481.6300048828125,191.52000427246094,633.219970703125,695.4199829101562,431.4599914550781
2026-01-29,258.2799987792969,241.72999572753906,338.25,263.3699951171875,738.3099975585938,433.5,192.50999450683594,629.4299926757812,694.0399780273438,416.55999755859375
2026-01-30,259.4800109863281,239.3000030517578,338.0,259.6499938964844,716.5,430.2900085449219,191.1300048828125,621.8699951171875,691.969970703125,430.4100036621094
2026-02-02,270.010009765625,242.9600067138672,343.69000244140625,262.17999267578125,706.4099731445312,423.3699951171875,185.61000061035156,626.1400146484375,695.4099731445312,421.80999755859375
2026-02-03,269.4800109863281,238.6199951171875,339.7099914550781,262.7799987792969,691.7000122070312,411.2099914550781,180.33999633789062,616.52001953125,689.530029296875,421.9599914550781
2026-02-04,276.489990234375,232.99000549316406,333.0400085449219,260.5199890136719,668.989990234375,414.19000244140625,174.19000244140625,605.75,686.1900024414062,406.010009765625
2026-02-05,275.9100036621094,222.69000244140625,331.25,255.8300018310547,670.2100219726562,393.6700134277344,171.8800048828125,597.030029296875,677.6199951171875,397.2099914550781
2026-02-06,278.1199951171875,210.32000732421875,322.8599853515625,265.0199890136719,661.4600219726562,401.1400146484375,185.41000366210938,609.6500244140625,690.6199951171875,411.1099853515625
2026-02-09,274.6199951171875,208.72000122070312,324.32000732421875,266.8800048828125,677.219970703125,413.6000061035156,190.0399932861328,614.3200073242188,693.9500122070312,417.32000732421875
2026-02-10,273.67999267578125,206.9600067138672,318.5799865722656,266.1600036621094,670.719970703125,413.2699890136719,188.5399932861328,611.469970703125,692.1199951171875,425.2099914550781
2026-02-11,275.5,204.0800018310547,310.9599914550781,264.95001220703125,668.6900024414062,404.3699951171875,190.0500030517578,613.1099853515625,691.9600219726562,428.2699890136719
2026-02-12,261.7300109863281,199.60000610351562,309.0,259.5400085449219,649.8099975585938,401.8399963378906,186.94000244140625,600.6400146484375,681.27001953125,417.07000732421875
2026-02-13,255.77999877929688,198.7899932861328,305.7200012207031,262.9599914550781,639.77001953125,401.32000732421875,182.80999755859375,601.9199829101562,681.75,417.44000244140625
2026-02-17,263.8800048828125,201.14999389648438,302.0199890136719,263.0400085449219,639.2899780273438,396.8599853515625,184.97000122070312,601.2999877929688,682.8499755859375,410.6300048828125
2026-02-18,264.3500061035156,204.7899932861328,303.3299865722656,263.989990234375,643.219970703125,399.6000061035156,187.97999572753906,605.7899780273438,686.2899780273438,411.32000732421875
2026-02-19,260.5799865722656,204.86000061035156,302.8500061035156,264.6000061035156,644.780029296875,398.4599914550781,187.89999389648438,603.469970703125,684.47998046875,411.7099914550781
2026-02-20,264.5799865722656,210.11000061035156,314.9800109863281,264.6099853515625,655.6599731445312,397.2300109863281,189.82000732421875,608.8099975585938,689.4299926757812,411.82000732421875
2026-02-23,266.17999267578125,205.27000427246094,311.489990234375,260.489990234375,637.25,384.4700012207031,191.5500030517578,601.4099731445312,682.3900146484375,399.8299865722656
2026-02-24,272.1400146484375,208.55999755859375,310.8999938964844,263.3299865722656,639.2999877929688,389.0,192.85000610351562,607.8699951171875,687.3499755859375,409.3800048828125
2026-02-25,274.2300109863281,210.63999938964844,312.8999938964844,264.5799865722656,653.6900024414062,400.6000061035156,195.55999755859375,616.6799926757812,693.1500244140625,417.3999938964844
2026-02-26,272.95001220703125,207.9199981689453,307.3800048828125,265.989990234375,657.010009765625,401.7200012207031,184.88999938964844,609.239990234375,689.2999877929688,408.5799865722656
2026-02-27,264.17999267578125,210.0,311.760009765625,261.4100036621094,648.1799926757812,392.739990234375,177.19000244140625,607.2899780273438,685.989990234375,402.510009765625
2026-03-02,264.7200012207031,208.38999938964844,306.5199890136719,263.80999755859375,653.5599975585938,398.54998779296875,182.47999572753906,608.0900268554688,686.3800048828125,403.32000732421875
2026-03-03,263.75,208.72999572753906,303.5799865722656,259.239990234375,655.0800170898438,403.92999267578125,180.0500030517578,601.5800170898438,680.3300170898438,392.42999267578125
2026-03-04,262.5199890136719,216.82000732421875,303.1300048828125,261.760009765625,667.72998046875,405.20001220703125,183.0399932861328,610.75,685.1300048828125,405.94000244140625
2026-03-05,260.2900085449219,218.94000244140625,300.8800048828125,256.760009765625,660.5700073242188,410.67999267578125,183.33999633789062,608.9099731445312,681.3099975585938,405.54998779296875
2026-03-06,257.4599914550781,213.2100067138672,298.5199890136719,250.88999938964844,644.8599853515625,408.9599914550781,177.82000732421875,599.75,672.3800048828125,396.7300109863281
2026-03-09,259.8800048828125,213.49000549316406,306.3599853515625,253.6199951171875,647.3900146484375,409.4100036621094,182.64999389648438,607.760009765625,678.27001953125,398.67999267578125
2026-03-10,260.8299865722656,214.3300018310547,307.0400085449219,253.36000061035156,654.0700073242188,405.760009765625,184.77000427246094,607.77001953125,677.1799926757812,399.239990234375
2026-03-11,260.80999755859375,212.64999389648438,308.70001220703125,252.85000610351562,654.8599853515625,404.8800048828125,186.02999877929688,607.6900024414062,676.3300170898438,407.82000732421875
2026-03-12,255.75999450683594,209.52999877929688,303.54998779296875,247.41000366210938,638.1799926757812,401.8599853515625,183.13999938964844,597.260009765625,666.0599975585938,395.010009765625
2026-03-13,250.1199951171875,207.6699981689453,302.2799987792969,246.58999633789062,613.7100219726562,395.54998779296875,180.25,593.719970703125,662.2899780273438,391.20001220703125
2026-03-16,252.82000732421875,211.74000549316406,305.55999755859375,248.9199981689453,627.4500122070312,399.95001220703125,183.22000122070312,600.3800048828125,669.030029296875,395.55999755859375
2026-03-17,254.22999572753906,215.1999969482422,310.9200134277344,250.0500030517578,622.6599731445312,399.4100036621094,181.92999267578125,603.3099975585938,670.7899780273438,399.2699890136719
2026-03-18,249.94000244140625,209.8699951171875,307.69000244140625,246.02000427246094,615.6799926757812,391.7900085449219,180.39999389648438,594.9000244140625,661.4299926757812,392.7799987792969
2026-03-19,248.9600067138672,208.75999450683594,307.1300048828125,247.6300048828125,606.7000122070312,389.0199890136719,178.55999755859375,593.02001953125,659.7999877929688,380.29998779296875
